policy_number,policy_limit,deductible,expiration_date,VIN,customer_number
563086016-X,40354,1621,01-08-2020,1J4AA2D11AL229135,1003-67
911908937-6,9941,986,03-06-2019,WBA3V7C56EJ990309,1001-56
265892758-4,48275,931,11/29/2019,1C6RD6PT8CS135127,1003-27
186291280-7,18641,1435,6/14/2019,JN8AZ2KR4ET884472,1002-29
975165266-9,49120,1444,3/26/2019,1GD02ZCG2DZ551101,1004-97
218665052-5,23272,1410,7/22/2019,JN8AE2KPXD9779814,1004-57
490144125-6,47074,1007,2/24/2019,WBA4A7C52FD879613,1002-12
832193816-7,33761,1856,4/14/2019,KNADH5A3XA6443543,1004-68
005094612-9,48525,1667,08-04-2019,WAUFFBFL0BN696481,1002-25
667166578-8,32283,1200,05-01-2019,3D7TP2CT4BG930076,1004-20
310786369-6,21032,904,9/19/2019,SAJWA1CB9BL282832,1003-67
974979935-6,7283,1270,1/15/2019,SCBBP9ZA2DC856931,1001-29
009646921-8,4366,755,09-12-2019,WDDGF5EB6AA317237,1003-76
088438275-3,49612,595,3/18/2019,KMHFH4JG6FA970858,1003-69
908210179-3,2813,1851,08-06-2019,WAUFFBFL5BA546406,1002-96
206383023-1,39065,1160,8/25/2019,WBAYB6C55ED899121,1002-94
971366039-0,9824,1647,06-02-2019,1FTFW1E87AF054047,1001-55
969601004-4,23212,628,03-06-2019,WA1LMAFE4AD560179,1003-79
931079650-2,31696,563,10-03-2019,WAUDT74F55N632970,1004-81
959077273-0,29636,928,01-07-2020,19UYA41743A445893,1001-22
992134918-X,28958,716,3/28/2019,JHMGE8G3XCS722789,1002-66
366819510-2,47524,580,5/28/2019,3MZBM1U76EM463093,1001-67
321368940-8,5895,1367,8/22/2019,JTDKDTB33E1156444,1004-34
711516195-X,25847,1433,02-03-2019,KNAFU6A23A5895146,1004-27
792669349-9,34899,899,9/27/2019,1G6DX67D280622963,1003-15
233955697-X,28551,1631,5/28/2019,KL4CJHSB4EB722410,1003-74
778863081-0,44758,613,05-02-2019,5FPYK1F51EB800909,1003-61
876109570-2,26985,1714,4/17/2019,19XFA1E80AE237527,1002-18
100895181-1,8895,1228,6/22/2019,WVWAB7AJ5DW798688,1003-72
344437449-6,25917,1230,12/26/2019,SAJWA2GZ4E8533275,1002-47
790080708-X,29751,1659,8/19/2019,WBAWC7C54AE663865,1003-84
671194163-2,9881,572,7/29/2019,3VW467AT8DM992213,1003-86
538495162-1,49480,717,7/19/2019,JH4CU2F84EC796461,1001-19
432723305-6,40777,1378,10-05-2019,5GALRAED9AJ832146,1003-36
104332058-X,46436,1224,01-03-2019,3D7TT2CT3BG790551,1002-54
115721782-6,1800,693,12/19/2019,1N4AL2AP2CC638066,1001-55
940062357-7,16763,1618,4/28/2019,WBABS53431E843304,1003-64
840857155-9,22455,1878,11/29/2019,1G6KD54Y94U204016,1003-70
326057919-2,27737,1037,1/27/2020,WBAEV33482K478923,1002-13
251255829-0,12550,533,1/28/2019,JN1CV6EK2BM890995,1001-86
894736562-9,41041,1968,10-02-2019,3C4PDDEG5FT150360,1001-61
630397800-2,16284,1168,07-09-2019,1GD22ZCG3DZ400339,1002-10
471242311-0,2277,726,01-11-2020,3GYFNAE36ES821733,1002-49
346092933-2,20946,664,8/21/2019,KMHTC6AD5DU923657,1004-34
794616881-0,2620,1670,11-06-2019,JH4CL95927C988017,1004-36
033277975-0,47885,1355,6/18/2019,3D73Y4CL6BG097857,1004-23
576680141-6,18381,1116,1/17/2019,JH4DB85931S806503,1003-30
603137116-2,13515,1085,1/18/2019,WBA3N7C54EK439371,1001-65
189665958-6,45537,1161,4/16/2019,1G6DJ5EY4B0555887,1003-13
889961824-0,44027,1693,6/27/2019,1G6AE5SX2D0227194,1004-70
946440424-8,29269,1173,10-12-2019,WAUPEAFM4CA449290,1004-40
574798842-5,12023,1092,6/25/2019,3G5DB03E54S327003,1004-57
597562346-4,15335,1932,02-01-2020,KL4CJGSB8EB473894,1003-83
098339480-6,37080,766,1/28/2019,5UXWZ7C5XF0381010,1003-34
857403449-5,34469,1435,12/27/2019,WAUDK78T08A253745,1003-42
732772640-3,42053,921,09-04-2019,SCBFC7ZA7EC845300,1002-76
212977431-8,19859,1281,6/16/2019,1C4NJCBA3FD952860,1004-17
703073860-8,26941,1496,7/20/2019,1G6KD57908U305293,1001-18
404038565-9,3711,1696,5/13/2019,1GYS3HEF8DR367798,1002-55
707941050-9,13803,1288,02-04-2020,JN1CV6FEXEM786199,1001-65
059158403-4,32981,967,3/17/2019,3TMJU4GN1EM756314,1003-14
448099013-5,32397,954,3/18/2019,WP0CB2A89FS540080,1002-77
245593584-1,42159,965,12/25/2019,2C3CDXJG4EH078763,1003-65
700498939-9,23305,639,5/31/2019,3N1CN7AP8EK980535,1002-59
771693133-4,28975,1247,01-10-2019,3VWAL7AJ1AM470237,1001-59
438362757-9,47054,1676,9/27/2019,1C3BCBEB8DN124813,1004-63
449777507-0,35858,1147,12/25/2019,W04GZ5GV5B1269511,1002-81
928310280-0,39645,1180,2/24/2019,WAU3GBFC8DN174149,1001-59
139427079-8,6486,1537,7/23/2019,5GALVBED7AJ286125,1004-73
526957633-3,8489,873,1/30/2019,WA1AY74L18D496838,1002-48
796313434-1,24882,1422,8/24/2019,1G6KF57973U130897,1002-42
894854854-9,38935,948,07-10-2019,JH4CL95976C441078,1001-24
062703639-2,26573,584,04-03-2019,JM1NC2MF9D0969731,1002-80
744083532-8,38446,571,1/14/2019,WAUJT68E53A332168,1001-88
696078124-8,41994,1474,12/24/2019,1N6AA0ED9FN693477,1001-82
408707435-8,44309,1119,8/19/2019,JTHFE2C21B2038959,1004-22
766850251-3,42638,730,12/30/2019,WBA4A7C59FD936552,1004-36
603452914-X,3817,1175,9/21/2019,19UUA76517A984467,1001-31
755553785-0,43833,740,9/20/2019,WUARL48H64K438695,1004-36
290815885-X,46913,1867,05-09-2019,SAJWA1CB2CL704098,1004-39
654664439-8,38135,1351,11/25/2019,WAUR4AFD7DN958456,1002-46
466818479-9,28476,1350,7/13/2019,JA32U2FU3FU401254,1002-71
309829799-9,37316,1031,04-08-2019,1G6DG8EY8B0735552,1003-31
714264726-4,35972,1880,1/16/2020,4T1BF3EK2AU428354,1004-39
470468219-6,18140,1501,08-09-2019,WBAWC73579E007901,1002-58
475835307-7,46868,1333,9/22/2019,WDDLJ7GB4FA209972,1002-24
358807089-3,29951,1977,4/20/2019,1N6AA0CH4DN591491,1001-28
729055541-4,37736,1664,3/22/2019,1GYS4TKJ1FR998453,1003-87
871797116-0,21858,953,1/22/2020,WAULC68E13A970538,1001-40
987239887-9,38510,1115,01-03-2019,2T3BF4DV0AW107972,1003-87
865375543-8,18347,884,01-09-2019,2C3CDXJG3DH061998,1004-54
648612632-9,48334,1164,8/28/2019,WAULT58E75A684531,1002-80
180834231-3,26341,1346,8/19/2019,WAUAFAFL6CA106264,1003-10
736536760-1,45431,1630,9/13/2019,5N1AT2MK6FC056031,1004-90
414247834-6,41291,1604,5/20/2019,1G6DA1E36E0264907,1003-31
327583258-1,4258,1613,2/18/2019,WAUEL74FX6N010354,1001-99
772220648-4,12544,1030,5/20/2019,3C63D3DL6CG176095,1002-29
905878963-2,2887,1746,9/19/2019,WBADS43423G894027,1002-17
408735729-5,49748,652,11-08-2019,WBA6B4C52FD928393,1003-69
824412127-0,36910,1558,08-08-2019,1N4AL3APXDC391161,1004-70
067555291-5,19777,1771,7/28/2019,4JGDF2EE3FA404621,1004-16
270051179-4,25179,852,1/27/2019,3D73Y4CL5BG356290,1004-42
327752242-3,39193,1407,1/15/2019,WVWAA7AH6AV616630,1004-73
698485925-5,8171,1010,12-12-2019,3N1CN7AP7EK002916,1003-51
042161018-2,44035,1647,6/28/2019,WAUFGBFB2AN427658,1004-18
430495886-0,34565,533,05-10-2019,4T3BA3BB6CU034756,1002-81
135972286-6,15359,700,12/23/2019,2LMHJ5AT3FB191328,1003-97
073024278-1,30613,1095,09-09-2019,1FMJU1G58AE200461,1004-34
728032006-6,5347,1449,1/22/2019,SCBFR7ZA6DC250046,1002-61
203590508-7,36250,659,06-08-2019,2G4GR5GX9E9417131,1001-89
750099068-5,49481,1092,12/15/2019,4A31K5DF1CE551214,1002-12
194207449-2,4185,1052,5/15/2019,SCBFR7ZA1DC181668,1004-43
377278260-4,32216,1862,1/23/2019,3D73M4HLXBG134560,1003-56
313162422-1,2614,774,02-04-2019,1GYS3JEF7BR516755,1001-52
651670191-1,24575,1057,03-01-2019,5GADV33L76D764456,1004-23
936964772-4,15434,633,06-09-2019,1G6AF5SX6E0496362,1001-59
051797116-X,3049,893,1/28/2019,1G6DW67V880429339,1001-53
616535871-3,37817,1650,11-09-2019,WAUSF78E16A051524,1001-33
460606273-8,16738,829,08-12-2019,WVWAN7AN3EE416059,1003-92
648814924-5,3203,1911,04-07-2019,WAUSH94FX7N002868,1002-63
877874065-7,39311,1656,12/30/2019,1N6AD0CU7AC224449,1002-46
387611428-4,32244,523,1/20/2020,5BZBF0AA1FN375955,1004-85
748597903-5,49451,1247,02-01-2020,WAUDG74F25N142426,1001-82
786131367-0,16080,1938,11/27/2019,1G4HF5EM9AU357211,1004-34
302261657-0,27166,840,12/30/2019,5TDDCRFH7FS778814,1001-73
555066143-8,6355,1935,01-08-2020,5UXZV8C58BL503466,1001-28
003058837-5,40610,1308,8/14/2019,TRURD38J691592687,1003-61
044540157-5,38930,1996,5/30/2019,WAUZL54B31N464957,1001-49
556687392-8,42764,1801,05-11-2019,WBSDX9C53CE392092,1001-72
569126889-9,6541,652,02-04-2019,JN1AZ4EH4CM885237,1001-31
079606037-1,26859,1790,1/29/2020,1FTSX2A5XAE774414,1001-90
319954348-0,5344,724,2/27/2019,WVGAV7AX8CW309108,1004-39
996530369-X,19350,1064,07-10-2019,3GYFNDE35DS577668,1001-36
511353875-2,32253,889,10-10-2019,WAUAH94F86N097876,1001-86
761044830-3,6288,869,02-03-2019,SCBLC43F85C441752,1002-19
016157102-6,2702,967,7/15/2019,SALGS2DF9DA567738,1001-69
405347393-4,45887,1426,11-04-2019,WBAUN1C54AV998218,1003-58
353376007-3,10308,526,02-10-2019,WAUUL98E18A931025,1002-34
979439897-7,25895,1851,5/30/2019,3C63DRKL7CG634605,1001-35
346232907-3,40935,580,07-09-2019,TRUWC28N611406959,1004-49
610170879-9,45141,1671,6/16/2019,WAUAFAFH1AN570175,1001-31
752294809-6,21289,697,9/14/2019,WAUVC68E93A247738,1003-94
938102708-0,40087,967,4/25/2019,1FAHP3DN8AW666727,1001-99
034678383-6,45035,1205,6/22/2019,JHMZE2H74ES834420,1001-17
174531162-9,23201,1065,9/24/2019,5UXWX9C53D0655923,1003-90
260464746-X,12940,1802,9/28/2019,WBADW3C59CE198915,1004-40
157482021-4,21467,872,10/18/2019,SCFAB02A86G710981,1003-42
516331421-1,40127,1152,03-05-2019,2C3CA2CV1AH904650,1002-32
957701077-6,22593,1147,09-01-2019,WBA3R1C59FF295604,1004-85
933227004-X,37886,1860,3/15/2019,1GD312CG5CF300189,1003-92
826910353-5,12789,648,11/26/2019,1G6ET12941B904408,1001-15
317538433-1,4588,1384,9/16/2019,2G4WY55J211124967,1003-93
909749583-0,40019,1312,01-03-2020,5FRYD3H97GB421252,1004-16
443626967-1,33056,1037,07-10-2019,JTDBT4K39B4327099,1004-76
643482135-2,16392,1541,03-04-2019,WBASP4C50CC674247,1004-51
191321045-6,47643,1038,10/29/2019,1FTSF3A55AE186493,1002-72
124142506-X,29441,1559,07-10-2019,JN8AZ1MU4DW077734,1004-67
348095997-0,34086,1158,11-06-2019,1G6DG8E34E0469486,1003-53
779517338-1,34736,1019,5/25/2019,1C3CDZCB3EN824611,1004-31
899777400-X,39092,1978,7/18/2019,1G6AX5SX6F0692705,1001-14
011463263-4,39772,1076,9/24/2019,WBAPH57599N744179,1004-71
089797493-X,5430,1492,12-10-2019,5NPDH4AE6CH595763,1004-12
197633775-5,3795,832,12/20/2019,3D7LT2ET1AG119097,1001-32
372118701-6,44434,1001,08-07-2019,WAUMF68PX6A680252,1004-79
865852707-7,2591,1152,5/28/2019,1GYS3GEF1CR975378,1004-78
007371527-1,49240,748,1/26/2020,3D7JB1EK4AG117274,1003-51
996038353-9,47205,1542,9/28/2019,1FMJK1HT9FE166704,1004-36
379369714-2,43423,1224,07-02-2019,1G4GD5GGXAF003775,1001-79
870741998-8,36275,1676,11/17/2019,WBAEV53452K826365,1003-54
043963588-8,19350,1158,01-02-2020,3C6LD5BT9CG879897,1001-15
642500432-0,22308,1269,10-05-2019,SCBLC31E32C453811,1002-75
426767301-2,21951,1047,5/25/2019,3GYFK66N03G455807,1003-11
039017622-2,38907,637,1/24/2020,WBXPA934X6W048709,1003-64
151153389-7,48946,1145,7/27/2019,JHMGE8G27AC239971,1004-24
937463930-0,8631,767,03-12-2019,3MZBM1L71EM509902,1003-62
413670334-1,6425,1568,09-10-2019,1G6AE5SX1F0638542,1004-60
347601931-4,30729,1215,4/30/2019,3FAHP0HA2AR252934,1004-26
137646373-3,41388,1807,06-03-2019,5GADV23L75D354362,1004-47
545792038-0,13806,1986,01-08-2020,1G6DW6ED6B0346719,1002-52
014357328-4,10638,571,5/14/2019,19UUA66216A681395,1001-25
370874127-7,34692,908,09-02-2019,1G6KE57Y94U867448,1002-80
681345235-5,46549,1527,11-08-2019,1GT02ZCG3EF814008,1004-89
247075734-7,37734,1563,05-03-2019,5NPEB4AC4CH583096,1002-24
387222093-4,43288,824,01-07-2020,WBAFU9C53BC781525,1001-52
522185796-0,32740,844,6/27/2019,1G4HK5ESXBU867238,1003-53
039809616-3,26050,516,6/23/2019,5N1AN0NU6FN276224,1001-50
242644653-6,5652,530,9/30/2019,JH4NA12653T822904,1002-24
478613208-X,4713,1537,07-10-2019,WVGAV7AX4CW469759,1004-52
594681608-X,32817,1143,8/17/2019,2C3CDYAG5CH196033,1001-25
987386195-5,23736,1581,05-12-2019,WAUMGAFL1AA936528,1002-38
403490952-8,18910,780,02-08-2019,YV4952CF1D1856554,1002-42
253551418-4,10192,1005,05-11-2019,JH4DB76631S397112,1003-91
251199429-1,33147,511,02-03-2020,WA1LMBFE1FD803749,1004-89
160174552-4,10420,1281,12-11-2019,3N1AB7AP0FL359091,1003-63
142283000-4,38899,1478,7/19/2019,WBA6B4C53DD946110,1002-42
624869197-5,33251,1148,9/29/2019,WAULC68E74A674831,1004-52
573641569-0,26231,1694,12/19/2019,2C3CCAGG9EH599596,1003-78
835772615-1,46121,1260,8/22/2019,3VW507AT4EM372398,1003-54
581509783-7,16562,1110,6/21/2019,1FTMF1CW1AF670075,1002-49
280079755-X,38067,1944,1/18/2019,5UXKR2C5XE0167019,1004-63
503498138-6,34252,1416,08-03-2019,WAUAF78E67A899685,1004-20
847147575-8,29557,967,4/29/2019,JH4KB16567C445023,1002-16
866541817-2,48748,562,3/28/2019,1G6EL12Y81B586350,1003-29
350401978-6,13416,1834,7/19/2019,2G4WN58CX91788497,1004-40
308516929-6,19353,1701,5/30/2019,19UUA66284A767798,1004-19
802470348-3,39508,1202,02-06-2020,1FTSW3A58AE962972,1001-82
882491140-4,6095,821,10/31/2019,1G6AA5RA2D0010001,1003-70
317026293-9,26483,1053,10/16/2019,2G61U5S37D9492604,1003-28
935816613-4,3467,1501,04-09-2019,5UMBT93548L075480,1001-11
643721590-9,17130,606,3/26/2019,5J6TF1H32AL127018,1003-89
042878564-6,23372,1152,1/22/2020,JN1CV6EK3FM406239,1003-41
049258632-2,4960,502,4/20/2019,WBSDX9C57DE443224,1001-17
472205652-8,15905,1815,04-12-2019,WBADX7C52DP652416,1001-64
175755816-0,8518,1541,7/13/2019,WBA6A0C56DD592269,1002-20
597552563-2,49634,1869,2/27/2019,2B3CK3CV2AH789878,1003-81
499982761-1,16813,1248,1/20/2020,1GYS3TKJ2FR681414,1004-12
120581906-1,49211,1956,03-08-2019,1G6YX36DX65880858,1001-28
490792573-5,3653,1167,05-02-2019,1C4NJCBA8DD355782,1002-90
191744770-1,5030,1217,5/31/2019,KNAFU6A28C5342639,1004-46
145438892-7,32533,924,7/16/2019,WBAKX6C52CC500899,1002-10
227836699-8,45938,1868,11/23/2019,WBAFR1C54BC513649,1003-19
288539061-1,45648,1188,4/30/2019,JN1AV7AR0FM113625,1003-39
877883644-1,36621,522,3/30/2019,5FNRL5H27BB773649,1002-33
611611871-2,49527,517,1/28/2019,5J6TF1H37AL271115,1001-19
027603510-0,42620,789,05-11-2019,WBALX3C51CD247197,1001-64
085670222-6,10087,1488,06-01-2019,3GYEK62N16G823966,1003-25
898004270-1,10469,1363,3/27/2019,WBAUN7C51BV612648,1001-16
932428079-1,34045,545,02-03-2020,WA1BY94L98D718977,1004-90
179728185-2,8382,569,1/26/2020,WAULC58E25A064279,1002-70
179700305-4,30324,1826,05-02-2019,JTHBL5EF4F1323656,1001-12
760699000-X,7547,893,04-04-2019,1LNHL9DK9EG280554,1001-84
326965317-4,37474,1072,02-06-2020,SCBLF44J39C947814,1001-54
118209985-8,37701,800,09-06-2019,1FTSW2B54AE992415,1004-79
101493156-8,6851,1377,07-12-2019,1FTMF1CW9AF961648,1002-21
839558232-3,39818,1595,01-12-2019,5UXWZ7C58F0409838,1003-56
895548326-0,7900,754,05-08-2019,1C4AJWAGXFL130584,1002-85
500674883-4,17996,1047,11/30/2019,WBSDE93492B679532,1004-15
200396878-4,6033,1606,12/30/2019,WBAWB7C58AP449887,1002-48
592537885-7,37300,640,7/30/2019,3VW467AT7DM005097,1002-21
033466930-8,24729,690,7/20/2019,WAUKH94F87N089105,1003-31
615863132-9,17307,1496,11-05-2019,JTHKD5BH7F2002319,1002-72
881999323-6,14895,1251,04-03-2019,1N6AD0CU7EN751434,1003-82
137983285-3,11176,1920,5/26/2019,5N1AN0NW2EN176444,1004-36
382938753-9,32187,1117,1/19/2019,SCFFDAAE3AG817763,1002-28
292172718-8,49072,1141,2/20/2019,WA1WMAFP4EA688086,1002-98
926079049-2,20942,1729,09-08-2019,5GAKRCED7CJ598597,1001-18
348614559-2,2248,1834,1/18/2019,5J8TB4H5XGL466334,1004-76
067176767-4,10410,1665,1/26/2020,1N6AA0CA3BN044440,1003-48
608691226-2,45208,629,02-04-2020,JTDZN3EU7E3398450,1001-64
609947965-1,35478,945,8/31/2019,1HGCP2F36BA245096,1002-21
172791579-8,28410,1976,04-03-2019,JN1AJ0HP4AM968005,1003-95
058740965-7,37198,989,5/27/2019,3GYFNCEY0BS995445,1003-35
885528425-8,20994,1501,07-05-2019,WA1CGBFE2CD611856,1002-91
976576231-3,6677,1581,6/14/2019,WAUA2AFD3EN873263,1004-32
122746174-7,38585,1617,6/25/2019,4A4AP3AU1FE887454,1002-19
624305237-0,38715,672,05-08-2019,KMHTC6AD4FU345523,1002-85
253954860-1,9878,1399,1/23/2019,WBA3N3C5XFK100365,1002-85
796858412-4,9714,1688,3/16/2019,1FTEW1CW9AK838041,1004-65
889819485-4,19915,1020,11-05-2019,WAUDH98E06A098137,1004-67
870781102-0,46986,1053,10/29/2019,WAUSF98E66A125175,1001-90
564145346-3,41744,1909,6/28/2019,1G6KD57Y95U055541,1004-19
161623263-3,17389,1340,10/17/2019,1C4SDJCT6CC178569,1004-87
321754495-1,41660,1906,4/17/2019,5FPYK1F2XCB154188,1001-90
533627042-3,23924,604,7/26/2019,1FMEU3DE9AU506429,1002-32
669650902-X,19391,1921,8/19/2019,3VW117AUXFM715804,1001-49
555804601-5,30891,1826,11/15/2019,JM1DE1HY2B0012155,1004-15
257777518-0,42729,1825,07-11-2019,WAUKF78E88A310495,1004-23
333881653-7,43671,1202,02-02-2020,JN8AE2KP6D9155766,1001-52
894978533-1,4648,775,09-10-2019,5TDBKRFH2FS868415,1001-76
350321621-9,4957,1337,06-12-2019,5BZBF0AA3EN909391,1004-34
150161968-3,47748,1656,1/15/2019,1G6DP577360072495,1002-58
377160966-6,16211,602,3/14/2019,1G6DJ8EDXB0524321,1004-30
481611532-3,45338,1565,8/23/2019,1FMCU0F78DU675964,1001-27
759342916-4,49994,1984,02-02-2019,5N1AA0NC9BN159797,1004-12
086114615-8,48467,546,02-02-2020,JN8AZ2ND0F9838250,1001-19
914632800-9,48876,1190,1/22/2020,1D7CW2GK4AS275753,1003-90
531325296-8,21688,1307,01-05-2020,3D4PH9FG9BT933033,1004-49
463632927-9,25973,1654,10/28/2019,3VW1K7AJ0FM437840,1003-54
903943470-0,40066,931,1/22/2019,5TDDK3DCXFS157610,1004-17
680082659-6,49908,685,8/26/2019,SCFAB05D99G151421,1002-52
661356269-6,29261,577,11/14/2019,1FA6P0G73F5892867,1001-48
783516371-3,42965,1266,2/15/2019,1G6DX67D690147433,1004-28
583908552-9,24265,1755,4/22/2019,ML32A3HJXFH394902,1003-52
891366683-9,20762,1918,03-12-2019,2G4GT5GX5E9387689,1004-94
312020610-5,32395,1436,1/30/2020,WA1WKBFP2AA653780,1002-11
374027387-9,18076,812,1/25/2019,WA1YL54B44N011069,1002-34
080660648-7,37821,971,1/21/2020,1C3CDWDA2CD724524,1004-11
522577392-3,25695,769,4/19/2019,WBAWV5C55AP625449,1001-99
749113521-8,2142,1845,12-05-2019,1G6DC5EG7A0072765,1004-78
708497617-5,24427,1466,11-11-2019,1G6KF57951U659844,1002-58
328492755-7,19142,1412,07-10-2019,WA1YD54B43N088021,1002-12
848471532-9,33725,503,9/28/2019,WAULD64B54N481868,1002-89
306433446-8,3688,1309,06-03-2019,3VWJX7AJ0AM230407,1001-50
971798751-3,32279,572,1/15/2019,WAURV78T68A136801,1001-52
995090683-0,28156,1078,05-10-2019,1FTWW3B51AE423478,1002-60
200935728-0,20373,1821,01-04-2019,JN1BY1APXEM940330,1004-65
237713100-X,3176,1744,9/18/2019,JN1AZ4EH0DM498024,1003-19
608863648-3,10148,1374,10-10-2019,WAUDH98E68A808094,1001-86
711125800-2,4507,983,7/20/2019,WAUDF48H17A220525,1004-50
677944439-1,8414,909,1/24/2020,SCFAB223X2K967063,1002-60
248698823-8,1528,857,09-09-2019,WBAGH03411D343445,1004-13
556795798-X,36898,1195,2/21/2019,JN8AS5MT7BW252784,1003-79
782731488-0,36205,707,08-11-2019,1FMJK1J51AE224230,1001-49
734081026-9,42200,1570,11-02-2019,2HNYB1H48CH314631,1001-54
704521133-3,14301,1773,10/15/2019,3N1CN7AP5EL431434,1003-72
509839604-2,20704,889,5/14/2019,1FTEW1E81AF801332,1003-49
752582216-6,15112,1871,10/14/2019,5XYZG3AB8BG565369,1001-80
297035060-2,42979,1898,10-02-2019,WBAYA8C57DC355531,1002-71
071082413-0,8806,1114,01-10-2019,WBAAV33401F346891,1003-44
197844787-6,19201,588,04-04-2019,YV4902BZ9E1946823,1004-20
590294561-5,49397,1569,4/20/2019,1N6AA0CH2FN241442,1002-18
085381923-8,22092,917,11/16/2019,1GYEC63N56R476606,1001-13
045393685-7,25084,1321,08-06-2019,JN1CV6AP5BM366578,1002-43
775539799-8,47082,1750,6/30/2019,KNDJT2A52C7022787,1002-80
756793815-4,7847,1087,1/22/2020,WBABS334X3J757700,1004-60
668545674-4,4534,1887,11-02-2019,WBAEB53588C154189,1001-71
341871096-4,17176,1203,5/28/2019,4T3BA3BBXEU169032,1002-40
807332674-4,24535,680,4/28/2019,WAUYGBFC4DN157449,1001-77
406749875-6,15219,783,9/28/2019,WBAVT73588F388310,1004-20
961131799-9,24054,1009,9/16/2019,1D7CW2BK5AS317600,1004-71
312530870-4,27652,1951,12-11-2019,KMHCM3AC6BU924462,1002-50
849051113-6,12667,1160,7/17/2019,1G6AB5RX8E0604966,1002-56
882455857-7,10842,1900,03-12-2019,3N1BC1APXAL249365,1004-94
339681901-2,6553,1370,8/14/2019,WUAGL78E36A152214,1002-46
324235903-8,15976,1813,02-02-2019,3C3CFFCR0FT126917,1004-63
854013895-6,35570,1707,07-09-2019,1GD312CG2EF714629,1002-49
970904699-3,4373,636,2/27/2019,19UUA9F7XEA337432,1003-62
930053769-5,21407,1328,05-08-2019,5FRYD3H61EB347443,1003-13
116754214-2,28748,1820,3/24/2019,3VW517AT8EM715923,1001-87
818309281-0,45059,1356,1/30/2019,1N6AA0EC2EN451863,1004-29
615565922-2,5968,1972,1/15/2019,1N4AA5AP5DC094803,1001-43
022566890-4,41281,700,06-02-2019,1C3CDFBB5ED538622,1002-33
996776583-6,33733,728,8/25/2019,SCFHDDAJ3CA976215,1003-73
537475616-8,36710,1334,08-09-2019,WBA5B3C57ED983183,1001-31
600197048-3,4936,1136,1/27/2020,WAUBH54B31N835294,1001-18
143718754-4,19371,1809,03-06-2019,WDDJK7DAXFF793071,1004-73
754147621-8,38777,588,5/22/2019,1FTEW1CFXFK022463,1004-46
624514205-9,45037,1491,10/23/2019,SCFAB01E69G474694,1004-38
743065695-1,10059,1254,03-07-2019,1GD01ZCG0EF522198,1002-57
651981755-4,41821,1302,6/18/2019,3C3CFFJH4FT653188,1001-84
132821179-7,36510,815,4/20/2019,JH4DC54825S219686,1001-90
390023314-4,10136,1352,1/21/2020,1N4AL3AP8DC066962,1003-95
439748762-6,37564,1409,01-09-2020,SCFEBBAC8AG427053,1003-62
614833622-7,38625,804,5/28/2019,1N4AA5AP7DC820967,1001-18
027171776-9,20451,1910,12/30/2019,2T1KE4EE8AC100456,1002-91
318191985-3,23604,1989,05-10-2019,1FTSW2B57AE355549,1003-77
795372036-1,45952,1216,7/24/2019,YV4952CF1E1313786,1001-16
050869207-5,18584,990,8/23/2019,1G6DK8ED0B0171603,1003-51
717749828-1,6777,1311,10-09-2019,JN1CV6FE4DM093207,1001-53
289637574-0,36629,1589,4/24/2019,JN8AF5MR3BT739586,1001-72
082431706-8,37976,677,10-10-2019,1C6RD7JT1CS818334,1001-47
996467506-2,48644,1828,10/14/2019,3GTXKYEJ0AG146811,1003-58
119886353-6,10315,1373,10/30/2019,5N1CR2MM2EC322975,1001-11
845624551-8,16775,1874,11/18/2019,19VDE1F34FE128714,1002-24
911916216-2,18005,1698,5/23/2019,WAUKD98P67A660595,1003-94
436948208-9,33283,1972,10/29/2019,SCFAD02E89G948055,1001-56
346667323-2,4934,1950,3/24/2019,2FMHK6CT5AB948733,1004-24
227197367-8,34780,1465,5/27/2019,WAUKG58E05A962797,1001-75
394253845-8,25367,1999,1/30/2019,WBA5M4C58FD270584,1002-16
176195751-1,37832,1017,11/24/2019,1G4GE5GD7BF392007,1003-47
578178195-1,36694,1555,05-04-2019,WAUVC58E32A437575,1001-74
489317824-5,16841,1896,03-11-2019,1G6AZ5S36E0138120,1003-82
184889193-8,21894,1614,2/20/2019,WA1WKAFP8CA599611,1004-20
701183928-3,36466,1228,03-09-2019,WAUFL54D21N788602,1002-52
816683923-7,46295,835,10/22/2019,3C4PDCDG0ET490302,1001-55
663120005-9,41083,1392,01-07-2019,SCFBF04B97G407854,1001-35
315937691-5,5904,672,07-08-2019,WVGEF9BP7ED214398,1001-47
054667692-8,14585,931,10/14/2019,1G6AK5SX9D0877021,1001-72
752305994-5,36707,802,3/29/2019,5J8TB1H22CA837125,1001-11
147235119-3,19526,503,02-03-2019,WAUVT68EX4A395236,1004-66
326362180-7,4825,844,6/19/2019,1GYS3EEJ2BR426893,1001-31
382062295-0,28615,1307,6/24/2019,WP1AA2A22EL385043,1001-11
929116227-2,25949,969,7/19/2019,WVGEF9BPXDD852790,1002-64
814711767-1,21095,1564,6/24/2019,JN1CV6EK7FM271122,1004-50
864115173-7,11491,794,1/19/2020,19UUA9F52DA851532,1003-45
767097592-X,16476,1664,10/24/2019,1G6AL5S33E0383989,1003-90
794352384-9,13467,1107,4/27/2019,1N4AB7AP7EN424360,1003-13
883090585-2,47328,945,03-09-2019,WA1DVAFE4AD024317,1004-78
782685067-3,43378,763,1/20/2019,5NPEB4AC3BH027179,1001-40
094961739-3,44165,1884,12/13/2019,KMHGH4JF7BU468722,1003-44
520915017-8,13625,1177,12/24/2019,4T1BF1FK9EU027182,1001-61
647332868-8,45065,1354,05-01-2019,WBSBL93433J580502,1003-22
873084746-X,10556,1007,2/15/2019,WBA3T3C57FP216082,1004-20
422963400-5,45961,911,7/22/2019,YV1672MK2D2045166,1002-59
942793709-2,21074,1381,05-01-2019,1FTMF1CW1AK422500,1004-78
353975853-4,25736,532,5/27/2019,1G6AH5RX7E0485743,1001-99
349836064-7,46467,767,01-07-2020,3N1BC1AP0BL524274,1003-93
394739441-1,18436,520,05-05-2019,JM1BL1K58B1353498,1002-44
137624635-X,32709,1617,04-08-2019,1G4PT5SVXE4193703,1004-99
011773247-8,9728,760,11/13/2019,2T1KE4EE5CC044169,1004-10
089787281-9,42139,1818,05-09-2019,1C4PJLAB9FW727494,1003-76
148803505-9,23155,999,08-03-2019,JTDKN3DU1A0791164,1004-77
351383299-0,45355,1030,01-02-2020,1GYFK66877R181229,1002-25
476201320-X,39623,1180,5/31/2019,1C4RDJDG0EC539152,1002-60
491766578-7,15884,1003,07-07-2019,WBANW1C5XAC858509,1003-27
580104465-5,49776,1801,11/25/2019,WA1LFBFPXDA916481,1002-80
690092071-3,3462,1834,4/29/2019,5J6TF1H54EL284444,1004-34
441019534-4,43312,653,11-04-2019,JTDKN3DU8B0974675,1002-24
836607969-4,13818,1380,09-01-2019,JH4KC1F3XEC165114,1001-77
125512352-4,25389,1563,08-08-2019,1G6D25EY4B0564862,1001-38
416608238-8,3351,1379,4/22/2019,1GYS4HEF7BR663762,1004-19
660947101-0,38640,795,11-02-2019,WBAPL33529A568060,1002-60
558145685-2,1127,917,02-03-2020,4USBU33508L342803,1003-56
880333414-9,41401,1983,7/13/2019,WP0AB2A92FS547159,1003-11
537808313-3,29350,1523,3/16/2019,JTHBL1EF1D5285656,1001-63
396162554-9,28033,1154,6/21/2019,WBAYP9C57ED048604,1001-64
430909158-X,45724,1784,8/14/2019,1FTEW1CM6EF497100,1002-93
306912773-8,11159,1118,3/30/2019,WAU4GBFB3BN028928,1004-26
440655685-0,8887,1952,1/26/2020,WAUET48H76K376140,1001-18
329167565-7,42819,831,1/30/2020,1VWAS7A38FC500749,1002-85
390406981-0,10480,1094,05-07-2019,5LMJJ2H56EE936138,1003-53
209139632-X,12710,651,5/31/2019,2HNYD28498H552916,1001-77
707305942-7,38911,1527,7/21/2019,JTHBP5C21E5915852,1002-43
206082446-X,36696,1478,02-10-2019,WAUDL74F06N629296,1001-79
322873816-7,38010,1521,06-11-2019,3C3CFFER9ET697009,1001-68
365998542-2,36691,716,02-04-2020,WAUHF78PX9A895724,1003-56
408376534-8,23232,1717,12-01-2019,1G6DN57U660534012,1002-40
810453062-3,40185,1144,7/29/2019,JA4AP3AUXCZ041474,1004-38
324648598-4,7584,1968,6/25/2019,KMHTC6AD1FU379631,1003-17
368772426-3,22643,674,9/23/2019,1G6AM5S36F0215293,1002-28
431705676-3,32528,1950,6/26/2019,WAUMK98K49N146341,1003-99
310571612-2,25666,645,01-08-2019,YV126MFBXF1267294,1003-48
856467744-X,23993,1092,9/20/2019,WAULT68E85A453353,1003-61
003513709-6,1572,1080,03-03-2019,WBAVM5C52DV504666,1004-81
354338717-0,45120,1632,09-05-2019,WUARL48H18K621654,1003-36
370122880-9,11142,1953,6/18/2019,1GYFK26259R752885,1001-90
736415686-0,41089,1879,07-06-2019,WAUHF98P78A517628,1003-22
734974127-8,6929,1672,6/30/2019,1G4GA5GR2DF367266,1001-75
518967504-1,17255,526,2/26/2019,WA1LKBFPXAA990362,1003-76
000921864-5,48486,1869,12/29/2019,WAUKG78E36A112465,1002-86
948733168-9,1061,1453,12/28/2019,WAUVC68EX5A756580,1003-11
084411372-7,21493,1448,4/29/2019,WBAKG7C54CE283933,1002-24
395605276-5,29881,1330,06-04-2019,5J6TF3H50FL639378,1002-41
883143019-X,42490,1079,9/27/2019,5FNYF3H28DB697059,1002-30
234349039-2,43126,925,12/24/2019,1FADP3E2XEL857818,1004-24
435300398-4,12441,1085,11-10-2019,JN8AE2KP8C9391902,1003-28
268053299-6,14808,878,9/28/2019,5NPEB4AC4CH973440,1004-50
584161891-1,49659,920,01-11-2019,1FTEX1C81AF317614,1002-57
759242470-3,5284,1768,6/26/2019,1YVHZ8BA9A5570512,1002-39
271694660-4,14871,1887,6/30/2019,WBA3A5C58FF620211,1004-74
619018434-0,44927,1999,11/18/2019,4JGBF2FE2CA505621,1002-86
836619535-X,6367,1955,02-03-2020,JTHBE5C2XD5425785,1004-19
724070455-6,44250,1755,3/26/2019,3G5DB03E85S078097,1003-39
876654543-9,27094,793,6/23/2019,JTEBU5JR3F5974828,1004-73
548915656-2,24435,700,8/20/2019,4A31K3DT4CE941671,1003-59
410061349-0,43799,1010,10-05-2019,WAUBGAFC2CN238237,1003-38
482794334-6,10510,1521,2/16/2019,WBA5A5C54FD223910,1001-99
444364451-2,47133,1499,1/23/2019,3N1BC1AP0AL689630,1003-53
019976820-X,18145,665,12/23/2019,WBSDE93443C617306,1003-28
087306199-3,31244,1359,1/26/2019,1N4AB7AP4EN540468,1001-26
246289197-8,27470,562,05-09-2019,WBA3N9C50EF210660,1002-93
080924303-2,42133,784,10/22/2019,1G6DS1E30C0446628,1001-18
861210329-0,46061,1881,10-09-2019,JH4CU4F68DC908851,1002-10
694854704-4,25881,1749,11/18/2019,1N6AD0CU7BC172936,1002-67
733241457-0,34974,1693,08-04-2019,5J6TF2H59EL777042,1002-52
712112521-8,13958,1315,7/23/2019,4T1BD1FK2FU531290,1002-28
125117701-8,31957,1838,1/27/2019,5NPEB4AC8DH770990,1004-42
396288116-6,35292,1864,7/13/2019,WAUVC58E83A053552,1003-27
428575605-6,5354,1141,6/26/2019,5UXWX7C51EL579848,1003-92
892951293-3,35438,1032,4/13/2019,2G4WS55J431980811,1001-95
952867646-4,44512,1684,06-08-2019,WDDEJ7KB8BA254696,1003-21
737243353-3,13221,1207,03-03-2019,WBABS33403P835690,1002-28
934653471-0,10000,912,10/19/2019,3GYFK628X8G311608,1001-22
889047623-0,16067,1682,10/28/2019,5UXFG8C56CL412520,1002-21
849329660-0,10061,1124,09-11-2019,WAUPFAFM8CA020747,1004-40
331319474-5,25675,1970,10/13/2019,WVWAB7AJ3CW637660,1002-29
262647794-X,29230,1441,1/28/2019,JN1BY1PR4FM076482,1002-32
243686198-6,3442,1564,1/15/2019,WAUJC68E53A601849,1001-86
696072529-1,41663,654,4/18/2019,19UUA8F23EA633374,1001-84
842071389-9,39942,1122,10/24/2019,3VWF17AT6FM494800,1003-62
187725482-7,47998,1942,2/18/2019,YV4902NB9F1712777,1004-13
950643417-4,14975,1248,06-07-2019,WBAWB3C52AP384835,1003-17
012290378-1,7682,684,08-03-2019,WAUVT68E93A820041,1003-48
024728572-2,34912,1957,8/30/2019,1FMCU4K30BK386774,1003-54
816437035-5,23903,507,09-03-2019,JTHFN2EY8A9076650,1003-93
282731580-7,39036,1530,10/13/2019,4T1BK3DB8CU098901,1004-78
046613110-0,24235,1271,6/14/2019,WBAGL634X3D747736,1002-86
356589386-9,41535,1757,05-02-2019,WBABD53446P128523,1003-88
987261735-X,24816,1832,10/15/2019,5GAKVAED9BJ720231,1004-42
833515126-1,48818,1288,6/22/2019,1N4AB7AP0DN009668,1002-91
426468638-5,41197,506,03-11-2019,WAUVC58E72A415210,1003-14
714747579-8,45098,1763,01-04-2020,1FTEW1CM1BF338898,1002-87
451662416-8,40532,1633,01-01-2020,WDDPK4HA4CF335539,1004-14
409548118-8,12777,1339,05-09-2019,19UUA86209A538051,1002-54
331794228-2,1828,868,06-02-2019,19UUA65556A417849,1002-21
503604492-4,20037,594,7/20/2019,1HGCP2E41AA051407,1002-32
978140722-0,30716,621,1/17/2020,WAUVC68E03A733676,1003-94
129331724-1,32258,956,06-01-2019,1G6DP8EV8A0201746,1002-76
540706713-7,32709,931,3/16/2019,KMHGH4JF9BU935784,1004-23
991436050-5,44221,1358,04-11-2019,2G4GT5GR7C9361478,1001-37
356762763-5,8223,1293,1/14/2020,WAUSFAFL6BA611496,1003-69
814146178-8,5675,1319,10/14/2019,2T1BU4EE9CC277135,1004-33
591087397-0,4617,607,1/30/2020,JTHKD5BH0E2262673,1002-54
727649883-2,39289,1998,5/15/2019,1N6AF0KX6FN083486,1002-89
989660422-3,6031,1043,7/28/2019,WA1VMAFE6CD074288,1003-38
785186319-8,8190,1690,3/17/2019,1C3CCBBB5CN182255,1003-37
543581922-9,47093,1592,09-05-2019,WVGAV3AX6DW600006,1001-99
234731087-9,16769,1415,3/30/2019,1ZVBP8JZ8E5263960,1004-42
836850190-3,12224,835,10/28/2019,JTDBT4K31A1791410,1002-69
412659628-3,32585,657,11-11-2019,1G6DU6EV7A0118418,1004-77
129008788-1,22076,1738,3/27/2019,JTHDU1EF6C5956713,1003-53
196989042-8,19373,1872,12/22/2019,5N1AA0NE2EN699143,1001-47
965783019-2,31852,1060,10/20/2019,KNAFK4A67E5811798,1004-63
327890206-8,19328,1405,9/30/2019,WBALL5C57EE985168,1003-54
638269765-6,32126,1056,09-12-2019,WBABN53472J626824,1003-74
492293525-8,27360,1577,9/19/2019,19UUA66218A216781,1004-50
192236173-9,48546,568,10/13/2019,3TMJU4GN6FM615045,1003-56
661939756-5,8398,1002,5/25/2019,JM1NC2LF1E0227620,1002-44
069118448-8,15051,1047,12/17/2019,WBAEH13507C478792,1003-96
092097671-9,15872,1338,7/28/2019,1VWAH7A32EC203151,1003-91
785614731-8,26288,1733,8/15/2019,YV1672MS6B2311558,1004-63
541429764-9,5037,637,05-03-2019,1D7RV1CT0BS929543,1001-88
674813093-X,27687,970,05-05-2019,ZHWGU5BZ1CL402888,1001-16
817574099-X,4473,1671,09-11-2019,WBABN33493P728063,1002-71
414314751-3,15668,741,12/20/2019,WBAVL1C59DV689987,1004-19
871217588-9,35270,1390,6/13/2019,WBA5A7C54FG949163,1003-31
984842529-2,20529,1198,3/19/2019,2G4GP5EX0F9513353,1004-42
230886900-3,31542,644,02-03-2020,55SWF4JB2FU864671,1004-66
086027696-1,26775,1633,3/17/2019,3D73M3CL0AG714173,1002-85
652838452-5,24400,684,3/29/2019,5N1AN0NW0FN882619,1001-44
305104016-9,6773,1141,3/26/2019,1N6AA0CC9BN225267,1003-93
010622054-3,33701,1434,1/15/2019,WVWED7AJ9DW736545,1003-28
037546310-0,19288,1269,7/14/2019,2C3CCAAG2EH464789,1003-34
443218402-7,7949,1069,7/18/2019,KNADH5A31B6774819,1004-36
945220753-1,45244,764,8/20/2019,YV4902DZXE2564551,1002-44
750834259-3,5611,1234,07-01-2019,1FTEW1CF3FF289615,1002-93
462832693-2,37679,1667,12/17/2019,KMHDB8AE6BU542652,1001-86
128941348-7,46433,862,3/26/2019,WA1VMBFP4EA408717,1002-95
732521524-X,49402,1367,1/26/2019,2C3CCAGG3FH231495,1004-35
998241201-9,26245,1914,10-04-2019,JTHBL5EF7D5143836,1004-40
625502783-X,32563,1784,12/16/2019,WUARU98E37N010148,1001-41
686246205-9,32662,993,10/27/2019,5GAKRBKD6DJ226717,1003-59
979272767-1,12164,1929,8/22/2019,JA4AS2AW8BU067304,1003-76
458526157-5,34643,957,02-09-2019,JN1BY0AR9AM589769,1002-91
868863924-8,36707,731,12/31/2019,1G6AS5S33F0025926,1003-10
130914793-0,36685,759,02-03-2019,WAUKFAFL0DA783509,1003-20
285143500-0,35707,749,5/28/2019,1G4GE5G36EF332943,1003-93
657731595-7,47581,1442,12/18/2019,KL4CJGSB5EB384042,1003-70
188074189-X,41114,775,09-10-2019,1G4HE57Y96U138937,1004-81
887577135-9,3487,1897,10/30/2019,WAUJC58E43A904566,1002-80
624820802-6,6369,1362,02-10-2019,5FRYD4H97GB455021,1004-33
785109337-6,7397,1743,09-06-2019,1G6AL5S3XE0315589,1003-65
185347880-6,35548,1303,2/19/2019,JHMZE2H3XBS865566,1002-25
016740129-7,42057,1341,11-12-2019,JM1CW2BL4D0981051,1004-32
015900190-0,16938,509,04-05-2019,1GYEC63T64R759401,1004-20
140105704-7,17657,1089,6/15/2019,WVWAN7AN7EE456693,1003-82
466784147-8,15411,1445,8/18/2019,JN8AZ2KRXBT161656,1003-66
311916455-0,6084,1188,02-06-2019,2G4GW5EV4B9385050,1002-12
249811258-8,37562,1472,5/26/2019,4A4JM2AS5BE140547,1001-24
226910443-9,21931,1950,1/29/2019,SCBGT3ZA6EC315543,1003-62
539865676-7,32533,1254,5/13/2019,3VW1K7AJ6EM042320,1001-52
459307592-0,31534,1233,12/18/2019,2B3CJ4DG2BH139488,1003-54
325072812-8,17240,1068,1/18/2020,WAUWFAFH9DN726991,1002-77
309617977-8,41653,1676,01-11-2019,4A31K3DTXBE482872,1004-25
621983064-4,14489,617,5/23/2019,1FTEX1CM7BF469444,1003-31
430837129-5,38106,1473,10-04-2019,1FTSW2A57AE800132,1004-19
246041486-2,36378,1159,03-05-2019,3D73Y4CL7AG906751,1003-53
643678451-9,22036,914,9/18/2019,WBA3X9C56ED609191,1004-71
366085433-6,34479,1982,10-03-2019,WAUKG78E16A048832,1002-92
729537646-1,37499,1304,03-02-2019,WAUYP64B21N736016,1004-95
235845833-3,37911,1307,12-04-2019,SCBFR7ZA6DC973685,1003-66
263610265-5,36658,1470,12/22/2019,3D7TP2HT7AG194838,1003-51
667160160-7,46573,598,5/13/2019,5J8TB3H38EL392501,1004-28
725379405-2,3242,1343,02-08-2019,JTMHY7AJ1E4752821,1003-55
837824047-9,40589,1146,12/17/2019,WAUML54B44N256326,1004-63
114432325-8,36601,1913,08-12-2019,KMHHT6KDXAU942821,1001-54
089578485-8,18567,897,01-04-2019,1G6KD57Y17U547435,1004-53
014099434-3,14841,845,2/18/2019,JM3TB2MA4A0447235,1003-51
608188982-3,10491,1232,1/21/2020,1HGCR2E39DA289995,1004-26
310949471-X,29578,739,01-02-2019,WAUFGBFB3BN653984,1003-39
172488134-5,29623,1593,4/27/2019,1C4RDHDG4EC308277,1004-54
654001079-6,36443,1270,11-03-2019,WAUDV94FX8N608304,1001-35
053420098-2,28851,1870,2/27/2019,1G4GB5GR2EF423219,1001-65
844696440-6,41159,1019,12-06-2019,1FTMF1CW6AF850345,1001-87
244967992-8,38502,1091,12/13/2019,3N1AB6AP5CL994944,1003-58
948891707-5,25647,754,7/18/2019,1FTWW3B53AE142377,1001-22
135794110-2,3616,1913,04-10-2019,1FAHP2D86FG843362,1003-74
567106468-6,25898,854,11/21/2019,YV1672MK9B2956012,1004-50
619860557-4,13323,1317,9/26/2019,WAURD68D91A411475,1003-76
857739231-7,34046,503,01-04-2020,3D73M4HL3BG684795,1002-60
032379115-8,10775,642,10/27/2019,5UXFG2C59E0267183,1003-66
782003939-6,36514,917,05-08-2019,1G6KD57Y79U539522,1004-27
289592251-9,45755,579,06-04-2019,WBAWC7C56AP168152,1004-72
549997393-8,44930,1528,01-03-2020,WBA3F9C53EF424944,1002-70
124354299-3,48021,934,01-05-2019,JH4CW2H61EC339516,1004-49
212658882-3,36354,1757,4/27/2019,1N6AA0CH5DN380400,1004-84
005544772-4,12986,859,3/14/2019,WDDNG9FB7CA744889,1004-33
604972771-6,3214,1474,10-12-2019,WBA3V5C51EP174173,1004-81
465691074-0,1235,1237,10/19/2019,1GYS4DEF5ER398756,1004-17
973813136-7,28266,527,04-10-2019,1G6DS1E33C0844836,1004-72
758270156-9,3951,1176,6/18/2019,5N1AA0ND8FN698944,1004-11
038213107-X,32298,1585,07-12-2019,1G6AB5SA3E0135503,1004-22
535730301-0,35711,686,1/17/2020,WUADUAFG0AN073246,1004-25
409645701-9,3956,803,08-11-2019,5GAKRBED9CJ777198,1003-19
955132916-3,6682,631,12-11-2019,3VW4A7AT3CM741502,1003-44
458495769-X,8509,1709,9/16/2019,WAULC68E25A841842,1002-41
588738971-0,16735,1151,2/16/2019,WAUUL68E15A677780,1001-88
252480462-3,21908,629,9/28/2019,JA32X2HU5BU889895,1003-31
345661278-8,27130,780,09-05-2019,5FRYD3H21EB057720,1001-19
358573812-5,4744,511,03-10-2019,SCFEBBAK9BG772696,1001-69
391205508-4,39877,1229,3/29/2019,1C3CDFAA0ED816948,1001-72
327451446-2,25327,1249,03-02-2019,SALFR2BN3AH182812,1001-90
863913497-9,2207,1652,01-01-2020,SALGR2VF7FA290777,1003-32
740936225-1,38343,794,1/31/2020,3VW4S7AT7EM390741,1004-23
641817927-7,40282,1744,1/26/2020,1FTNF2B52AE906077,1001-28
084605921-5,4784,623,04-06-2019,1G6KD5E6XBU749698,1004-14
841334315-1,48121,908,12/23/2019,5FRYD4H81FB113165,1002-55
861034024-4,38710,648,05-08-2019,1G6YV36A385254017,1001-72
018816565-7,38515,1318,1/17/2020,WDBWK5EA1AF004607,1004-81
461060133-8,20938,1730,02-05-2020,3C63DRKLXCG103186,1003-74
668032726-1,14694,636,09-05-2019,WDCYC3HF3AX169677,1004-50
408114408-7,4051,967,7/25/2019,SCBCR63W56C311178,1001-43
646340948-0,38720,972,4/19/2019,WAUUL58E45A237952,1004-20
610694424-5,13590,876,8/13/2019,5FRYD4H47GB976809,1004-74
268640767-0,13653,995,04-06-2019,WVWAP7AN2EE517829,1002-51
427978576-7,7336,1452,4/14/2019,KM8JT3AB0CU785268,1002-45
983164107-8,46440,1358,9/16/2019,SCBDC47LX9C892658,1003-64
014319084-9,28929,573,10/21/2019,5FRYD4H47FB536569,1004-70
150355957-2,24483,1990,2/21/2019,WP0AA2A82BU371383,1003-10
116429566-7,33273,1463,12-06-2019,WBSBR93482E420010,1004-50
929454484-2,5442,908,02-03-2020,WAUEH48HX7K272115,1001-86
250398816-4,23588,1581,5/15/2019,1FTSX2B58AE601327,1002-13
658808385-8,24896,1847,11/18/2019,JTDKTUD3XED302505,1001-19
415901646-4,24940,586,8/19/2019,WVGAV7AXXCW450066,1004-61
984497627-8,28315,1608,10-07-2019,WAUAC48H46K746569,1004-40
163142166-2,15826,1888,12/14/2019,WBSPM9C51AE297047,1001-45
452728894-6,1593,1985,01-12-2019,WAUUL78E98A736469,1003-83
813080135-3,34556,1631,03-02-2019,5J8TB185X8A776608,1003-39
366383583-9,11676,1324,8/15/2019,4T1BF1FK6EU200625,1001-18
716250589-9,10000,1284,10-04-2019,WAUGGAFR2DA018390,1002-23
622112436-0,42678,1473,12/28/2019,3D73Y4HL3AG758381,1001-59
265741890-2,9747,753,5/30/2019,1G6DF8E55E0525844,1002-92
476626601-3,15027,520,05-12-2019,4F2CY0C76BK499988,1002-13
164616647-7,33716,1626,09-07-2019,1N6AA0CC1EN052378,1002-50
876839744-5,20658,1722,12-01-2019,WAUMF78P76A864487,1003-81
156000077-5,33894,862,03-08-2019,1G6DP5E37D0379956,1002-63
501145929-2,24686,1905,8/22/2019,JM1NC2JF3C0785873,1002-55
821482031-6,19444,810,10-04-2019,4A4AP3AU0FE779729,1003-35
266426722-1,34772,1292,01-04-2019,WBA3X9C50FD437242,1002-40
478715877-5,16560,1410,3/24/2019,WA1WYAFE2AD059146,1003-15
801662916-4,25871,893,01-04-2019,WAUBF78E06A776502,1001-23
916600691-0,7933,904,01-11-2019,JH4CU2E6XBC713692,1004-74
742361850-0,33606,662,8/31/2019,1G6AM5SX1E0450640,1004-28
351370258-2,17082,1949,07-10-2019,SCFPDCGPXEG487750,1004-12
122292541-9,17004,664,8/22/2019,KMHDB8AE2AU739090,1001-87
981603027-6,34065,1811,05-11-2019,JH4CU2E87DC572794,1004-78
836542214-X,19386,1985,5/21/2019,1FMCU4K35CK788095,1004-59
316765643-3,45188,1959,05-10-2019,WBA3B9C59EF232312,1004-87
899056078-0,21689,905,1/25/2019,1C4AJWAG1FL419207,1003-61
443993634-2,21711,1943,7/30/2019,4USCN53472L871144,1002-96
970052688-7,10628,1052,11/14/2019,WBA3B9C5XFP971295,1003-87
553652700-2,46373,1131,01-08-2020,5XYKT3A64FG526994,1002-56
875218887-6,13715,1837,06-10-2019,1GYS3JEF7DR804844,1004-31
242121326-6,14218,1518,06-01-2019,1G6DD67V890352575,1003-73
999056392-6,48145,1784,7/28/2019,WP0AA2A8XFK646600,1004-21
931218551-9,18650,738,12-11-2019,SCFEBBCF7CG238839,1002-76
457075050-8,19732,573,1/20/2020,1FTEW1CW1AK523766,1003-55
007776316-5,32795,1004,01-04-2020,WAUDV94F77N538405,1002-47
077090677-X,37892,1186,6/21/2019,1FTDS3ELXAD002703,1003-55
847071621-2,7874,1639,10-08-2019,W04GT5GCXB1141328,1003-73
179279859-8,40130,1166,07-01-2019,WBAAV33441E643457,1003-63
326876454-1,9393,1100,11/20/2019,1FTWX3A58AE195249,1002-97
588542193-5,8465,897,02-12-2019,1ZVBP8JS0A5804786,1004-20
479865375-6,20778,1531,09-01-2019,KNADH4A35A6800363,1002-34
214978934-5,43601,844,01-08-2019,WP0AB2A93AS729977,1003-11
957222089-6,24607,1774,06-10-2019,JN1CV6AP3CM337968,1003-41
966785710-7,8555,1165,7/22/2019,1GYS4BEF4ER230224,1004-12
937241371-2,29907,1731,9/13/2019,JTHBK1EG4C2182064,1002-32
070733859-X,40589,758,12-10-2019,WBAPK5C53AA283760,1003-64
579816581-7,48906,763,11-04-2019,WVGEF9BP3FD667127,1004-13
438310540-8,48915,1651,04-05-2019,1G6AS5SX6E0235485,1002-24
009526820-0,10676,1816,5/24/2019,1G6KF54942U799518,1003-89
128522100-1,32035,1905,4/21/2019,WAUKF98P69A860633,1001-72
247942080-9,26499,1519,7/13/2019,3LN6L2G98FR591278,1004-30
083024872-2,27210,1082,8/14/2019,3GYFNDEY4BS937053,1001-54
488304962-0,10539,560,01-07-2019,3VW517ATXEM212006,1001-99
183188933-1,8571,1818,6/27/2019,SCFEFBAC2AG817103,1003-24
606745699-0,31249,1237,07-10-2019,1FAHP2D86DG756056,1003-58
193395924-X,46028,1082,1/20/2019,2HKRM3H35EH548467,1001-10
817142765-0,26461,1630,01-01-2020,SCBEC9ZA8FC344845,1001-77
179820151-8,14214,1061,06-03-2019,WAUCH74F19N725679,1001-15
888210114-2,3180,1644,03-08-2019,5GAKRBED9CJ842079,1001-52
203167431-5,9439,1485,5/15/2019,JTEBU5JRXB5615289,1003-13
270683093-X,21999,627,12-03-2019,1N6AA0CCXFN470665,1003-47
549764278-0,43142,1667,1/13/2020,WAUDF48H17A808862,1004-81
225294693-8,35138,1926,02-03-2020,WBAGN83414D120172,1003-49
903237098-7,4389,1942,12-09-2019,5XYKT3A61FG553795,1004-71
731812535-4,41583,1183,8/27/2019,5N1AR1NB8AC286024,1001-94
313061039-1,27769,1952,1/22/2019,WAUGGAFC4CN861350,1003-62
853138036-7,22809,913,03-10-2019,WBAWL7C56AP613215,1003-82
074404371-9,2924,1668,04-11-2019,WDDLJ6FB3FA137898,1001-76
850132380-2,26897,866,1/16/2020,KMHGC4DD8DU259680,1003-50
046355735-2,11906,1359,8/15/2019,5TDBW5G16ES779993,1003-99
741174942-7,40877,1577,10/14/2019,3TMJU4GN0BM016572,1001-86
577177252-6,38596,1682,5/23/2019,WAUGL78E06A313595,1001-29
059550689-5,32323,1564,10/13/2019,WAUDG74F56N718544,1002-77
309331005-9,16433,1825,04-03-2019,5TFBY5F10CX298138,1002-63
895862535-X,4802,1962,2/19/2019,5XYKT3A15CG745169,1002-13
990571255-0,43786,739,10-08-2019,JM1NC2JF3D0294317,1004-21
411264436-1,37247,1891,08-12-2019,JTHBP5C24A5078217,1003-79
396916197-5,31936,1870,1/26/2020,1FMJK1H58EE287000,1001-35
480930045-5,1742,867,12/19/2019,WAUSVAFA2AN500615,1004-73
966581263-7,41982,624,10/20/2019,5J8TB4H50GL099928,1002-51
865335419-0,7521,1255,3/22/2019,1D4RD4GGXBC811105,1003-92
648993052-8,38075,1657,08-07-2019,1G4PR5SK6C4318455,1004-33
337035745-3,15840,1878,05-02-2019,JH4KB16597C573272,1003-44
022906221-0,48118,1605,02-06-2019,KMHD35LH4FU315680,1002-17
447771395-9,16326,987,9/25/2019,2G61S5S34E9124436,1001-33
228813330-9,1931,1139,3/24/2019,5UXFE83558L009514,1003-41
674770401-0,27779,542,01-05-2020,JH4CU2F67AC996193,1003-25
962259365-8,38299,1548,09-11-2019,1FTEW1CM9DF707235,1004-17
067910774-6,40229,1983,05-08-2019,JH4CU26699C285025,1003-42
321422953-2,8853,650,04-02-2019,2B3CA7CW4AH779243,1004-28
659891227-X,40430,916,4/29/2019,WBABS33423P522009,1002-51
307900998-3,49000,861,9/26/2019,WAUKH78E56A336477,1004-42
932085227-8,47863,992,3/21/2019,WBABW53454P622817,1003-56
966340983-5,17638,1025,04-01-2019,1HGCR6F51FA937811,1004-15
847605296-0,40193,538,8/23/2019,5TFCW5F13CX122100,1002-62
703480368-4,17322,1847,11/22/2019,SALAB2V68EA912960,1004-40
046148047-6,9216,985,01-07-2019,TRUUT28N161596622,1003-91
398549343-X,43597,856,10-06-2019,3FA6P0SU3FR011885,1002-33
356369508-3,13929,1662,05-10-2019,WBAGG83441D030357,1003-44
854277196-6,41894,1959,11-04-2019,1C3BC8EG4BN137991,1004-58
625989557-7,19042,1980,5/15/2019,WUADU98E08N551783,1004-95
938005915-9,22290,1654,10-04-2019,3C63D3HL3CG494878,1002-80
662430092-2,44227,1338,01-06-2019,WAUBH78E67A725114,1003-53
738403872-3,9189,1298,5/28/2019,1FTSX2B55AE103389,1001-74
316080462-3,6757,1762,09-05-2019,JN8AE2KP0C9934286,1003-53
865109939-8,15186,680,9/30/2019,1G4HP54K734826330,1003-25
860994477-8,4293,1169,12-01-2019,1G4HP52K35U523552,1003-59
535579832-2,16480,1278,12/18/2019,1D7CW2BKXAS667370,1002-80
678177326-7,18410,1043,09-05-2019,1C3CDFAA2ED028706,1001-25
616167737-7,48335,876,9/16/2019,1G6DJ8E30C0114975,1004-63
220606200-3,8855,579,09-11-2019,1N6AA0CA1BN875273,1004-19
339480639-8,2440,637,12-07-2019,3GYT4NEF0BG838310,1001-45
413048299-8,15927,1825,03-03-2019,KMHHU6KJ5FU495423,1001-97
927880769-9,5853,1770,8/16/2019,2C3CDXFG4EH316782,1001-99
771957800-7,4335,1760,04-11-2019,1G4HP54K95U433643,1002-86
756842781-1,48229,1224,12/22/2019,2LMDJ8JK8FB412686,1002-91
541010527-3,41196,500,06-02-2019,1D7CW2BK3AS027260,1003-38
895190247-1,33674,916,12/27/2019,1D7RV1CT4BS610579,1004-51
310133441-1,47192,1110,1/19/2020,WA1LKAFP4AA976807,1001-47
617991321-8,21657,851,9/19/2019,3VW467AT0CM697430,1002-28
354836146-3,33547,1689,5/16/2019,YV4902BZ8D1759636,1001-90
050030683-4,16474,1261,9/19/2019,JTDKN3DU6A0753445,1001-87
453092103-4,39728,1421,09-06-2019,1ZVBP8JS3B5192097,1001-22
590448640-5,47385,1734,10-04-2019,1D7RV1CT9BS535068,1001-23
618704649-8,29572,1620,10/16/2019,WBANA73595C290437,1001-56
618737131-3,37843,1101,01-04-2019,2FMGK5C85FB630278,1002-20
110146786-X,26023,738,1/19/2019,WAUFFAFM5AA416790,1003-89
069193012-0,22693,1987,6/13/2019,JM1NC2SF4F0705581,1002-91
378652424-6,8650,1400,3/27/2019,3D73Y3CL4AG966139,1002-51
622176450-5,28231,1670,03-12-2019,SCBBP9ZAXCC781975,1003-90
438037820-9,5278,1270,03-05-2019,WBAUL7C50BV494775,1002-80
076313326-4,49265,1200,08-04-2019,5NPEB4AC9EH072261,1003-66
316166554-6,21691,1468,07-07-2019,WAULT58E14A337176,1004-25
520804457-9,12771,1575,12/25/2019,WAULT58E03A126226,1001-52
266872296-9,44520,952,12-05-2019,WBA3B3C50EJ344295,1002-58
529983546-9,10425,718,10-02-2019,SAJWA4DB4DL137801,1004-71
291905263-2,30812,559,7/30/2019,WBA3A5G59EN019839,1002-18
093404592-5,1738,1584,11/13/2019,3MZBM1K79FM749041,1002-32
713470583-8,2790,1160,12-03-2019,WA1WGAFP4DA255874,1003-56
461616310-3,21465,794,3/16/2019,1G6DA67V180095864,1001-55
297096545-3,11844,1302,08-02-2019,3N6CM0KN1DK907720,1004-25
139169340-X,30604,1162,05-10-2019,1D7RB1GT7BS722635,1003-91
087076363-6,21334,1402,11-09-2019,3N1CN7AP8EL050824,1001-50
696111278-1,45789,632,5/24/2019,4T1BF3EK5AU854068,1004-19
912176318-6,24463,1987,09-07-2019,3VW507AT1EM282058,1003-84
066078721-0,6894,1890,06-09-2019,1FTSW3B58AE733495,1001-89
823884922-5,48494,1366,3/29/2019,2C3CCAJT1CH517444,1003-81
002674297-7,11770,1815,9/15/2019,KMHHT6KD1AU125513,1001-14
746801622-4,45816,1561,8/29/2019,1G4PR5SK3C4279629,1004-82
345912705-8,27377,938,6/26/2019,2FMDK4KC9AB452547,1003-51
611409008-X,14023,621,5/13/2019,SCBFC7ZA4DC745833,1002-76
867846994-3,38289,886,08-08-2019,1C4NJPBA3DD726547,1001-18
434860547-5,35838,1291,8/30/2019,WAUKF78E18A603400,1004-43
760891394-0,37761,1033,4/22/2019,JTDKDTB30D1299902,1003-29
698291311-2,23127,909,07-12-2019,WBAPN7C5XBF382177,1002-49
928897713-9,4589,915,3/14/2019,WAULF78K99A759096,1001-52
661164774-0,14479,1720,10/18/2019,YV1902MM0F1059112,1004-84
216673926-1,21786,599,01-11-2020,1G6DH8EG4A0311983,1003-61
995911357-4,18918,1615,8/29/2019,1C3CDZAB3DN995148,1003-62
332374129-3,29272,1816,04-11-2019,WAUXF98K29A421701,1001-89
068088921-3,23596,1025,12/13/2019,2HNYD2H46DH379382,1004-20
047330705-7,9193,836,09-03-2019,WAU3MAFDXFN399655,1004-27
613482690-1,8323,501,6/26/2019,WA1CGAFE1ED972220,1001-91
756137116-0,49263,1479,12-10-2019,WBA3B3G5XFN555718,1003-51
787403832-0,39076,762,02-10-2019,JN1BJ0HR4DM005325,1002-55
679552899-5,44163,1793,04-12-2019,WAUHF78P88A726879,1004-81
412754245-4,23289,1122,03-08-2019,1GYS3UKJ4FR254533,1002-18
344215816-8,37610,530,10/15/2019,1C4RDJEG5FC119256,1002-52
859932953-7,33253,1504,09-10-2019,WBADX7C59CE956546,1003-94
162122699-9,47386,1099,8/26/2019,1G4HP52K73U617902,1004-42
265179978-5,48498,1327,01-10-2019,SALAF2D40AA335257,1001-77
047150643-5,22028,1753,10/27/2019,JH4DB76531S721683,1003-34
048154985-4,32469,594,9/23/2019,WAUKF98EX6A695065,1004-50
145332986-2,3102,1346,04-08-2019,3C63DPML8CG286637,1004-36
769180060-6,21998,790,10-05-2019,1FTEW1C89AK014087,1004-40
366517304-3,7961,1741,02-01-2020,JN1AJ0HP6AM765603,1002-99
131400134-5,17165,747,1/16/2019,JN8AZ2KR6AT448099,1004-35
454478589-8,45235,1496,1/28/2020,1FT7W2A68EE169864,1003-76
768734224-0,9115,1538,9/26/2019,WAUVC58E44A064016,1003-59
553131682-8,35897,1713,7/28/2019,1FTNF2A51AE482571,1001-36
561592662-7,10168,1191,7/28/2019,3GYFNGEY1BS380913,1002-98
279104944-4,43273,1254,3/28/2019,5J6TF1H51FL572665,1001-38
856065663-4,31175,861,6/18/2019,2G4WF551431832937,1003-77
007443485-3,26395,622,11-03-2019,WAUHF98P37A038492,1004-66
682793885-9,32383,1389,03-12-2019,3N1AB7AP2FY058700,1004-52
583823504-7,24861,1597,1/21/2019,WBANN73597C819182,1003-31
324130287-3,33590,1578,07-10-2019,5N1AR2MM5EC995735,1004-63
639587865-4,5645,1343,12/16/2019,KNAFX6A80E5526360,1002-19
473807283-8,20037,1121,9/15/2019,5FPYK1F23DB125746,1004-51
962135582-6,47988,777,04-10-2019,3N1CN7AP5FL442970,1004-19
238055397-1,15766,927,09-02-2019,WA1WMAFE2DD602995,1002-77
572906286-9,27108,663,12-09-2019,WAUAT48H44K798099,1004-25
348657546-5,7428,1923,02-05-2020,WVGEF9BP5FD902241,1002-49
007552150-4,20950,992,03-12-2019,WBAFR9C57DC835963,1003-54
697008775-1,43996,1139,11/13/2019,19UUA9F25EA858966,1001-37
671211918-9,31722,1345,6/27/2019,2C3CDXJG5CH057823,1003-58
919993589-9,13816,1348,10-11-2019,1GKKRNED1CJ932234,1004-68
435520677-7,30701,1580,10/19/2019,1C3CDWEA5CD938440,1001-75
187335129-1,36315,559,1/31/2019,1FBNE3BL4DD828360,1001-82
481299752-6,11573,1309,4/16/2019,5GAKVCKD0EJ243516,1004-34
313002913-3,31697,1032,05-05-2019,JHMZE2H57ES211288,1003-83
877881699-8,41371,1353,4/17/2019,JTHBL5EF5F5922056,1002-96
939698513-9,39037,1946,10/16/2019,3VW517ATXFM114871,1002-15
248435846-6,40337,1281,4/15/2019,KMHHU6KJ2FU046880,1004-82
803066647-0,9843,1536,08-01-2019,ZHWGU5BZ8CL195576,1003-59
634026689-4,25447,776,7/27/2019,2T1KE4EE3BC832110,1001-36
996271513-X,13189,669,5/24/2019,5XYKT3A18BG072537,1002-32
467903447-5,22711,1189,06-06-2019,1FTMF1EW4AF897936,1004-17
886806205-4,41020,608,5/24/2019,1J4PN2GK8BW396997,1001-45
194404193-1,1515,1341,3/14/2019,WBA3V5C56EJ359225,1003-54
694549151-X,38898,1938,7/16/2019,3C4PDDAG5FT028717,1001-21
632054670-0,37613,1625,01-10-2020,5N1AA0ND1FN765996,1001-61
640448545-1,40757,1921,3/23/2019,WBALX3C58CC103183,1003-95
162518873-0,35800,550,3/17/2019,WDDEJ9EB0EA624602,1001-27
937435637-6,11026,1293,11-06-2019,WDDLJ7DB0DA037294,1004-80
324559082-2,31878,1747,4/25/2019,JN8AE2KP8E9959245,1002-83
342337130-7,5307,750,03-01-2019,1G4GC5GC6BF701320,1004-25
781097566-8,30998,1052,1/24/2019,WAUHF98P16A793915,1001-11
523400760-X,23427,1093,8/24/2019,5UMDU93456L913333,1003-84
308963298-5,12472,1933,09-08-2019,WBADN634X2G299508,1004-41
116864436-4,33830,1350,12/28/2019,WBALX3C51CD965039,1002-86
372924317-9,17811,724,4/19/2019,1G6DH5E50C0772128,1004-14
651062024-3,49457,1402,9/27/2019,WAUWGBFC0EN888887,1004-70
901726389-X,16154,992,01-03-2020,JTDKDTB39F1576548,1004-22
628805851-3,12863,1094,10/22/2019,1GYFK66878R259641,1001-41
374947773-6,41299,917,09-10-2019,WA1VGBFPXEA527489,1001-46
799736757-8,5022,1777,7/18/2019,1N4AA5AP8BC781061,1003-51
908889113-3,36414,1457,12/29/2019,WAUVVAFR4CA899766,1004-26
335388331-2,17876,1586,03-04-2019,JN1CV6AP0AM419377,1004-11
248772801-9,19339,1566,9/17/2019,1N6AD0CU7BC964231,1001-46
890946055-5,43229,622,5/19/2019,WBAKE3C56BE843027,1003-44
730994414-3,43791,560,4/20/2019,1FTSW3A58AE186682,1003-86
639026438-0,5983,1711,12-11-2019,WBABN33463J510374,1001-18
618418105-X,23864,983,08-01-2019,19UUA65635A855308,1004-27
220670919-8,47049,1871,07-09-2019,1HGCP2F33BA546456,1002-73
433474094-4,10879,1493,7/27/2019,3N1CN7AP0DL004161,1001-59
569818250-7,6128,1896,10-12-2019,WP0AA2A94BS327440,1003-47
954576113-X,29188,1034,2/19/2019,5J6TF2H59DL898393,1004-54
210406954-8,29769,751,1/22/2020,WAUGN94FX7N223904,1002-25
009677398-7,3172,1733,03-11-2019,WAUGL68E45A366616,1003-44
760194633-9,6221,1001,02-01-2020,2C4RDGEG9FR653189,1003-53
052863960-9,40556,1183,01-12-2019,WAUHE78P79A199714,1002-62
144429367-2,38410,1911,8/22/2019,1C4SDJCTXFC949474,1001-91
557487314-1,18777,1331,09-05-2019,WBSBR93416P082945,1001-24
148959611-9,19255,1146,8/31/2019,1C3CDFBB9ED828586,1004-55
943616746-6,49659,930,1/29/2019,1G4GE5GV1AF947296,1003-33
396148826-6,13798,1098,8/20/2019,WAULD64B44N339320,1003-10
017159398-7,13207,501,04-02-2019,WAUGL98E97A676667,1004-70
273622551-1,25097,1311,11-12-2019,2C3CK6CT0AH589407,1004-54
194628351-7,40838,761,9/23/2019,YV1960AS6A1270040,1002-34
619771040-4,19153,1504,07-09-2019,WBAHL83526D667926,1003-55
224665456-4,36600,1190,10-06-2019,3C63DPAL2CG893542,1004-24
042358497-9,36080,768,2/15/2019,WDDGF4HB7CF858986,1002-88
630782494-8,17588,1223,3/17/2019,1FTWW3DY8AE219266,1004-38
979772161-2,6578,1121,12/16/2019,3C63D3KL0CG751097,1001-13
178114224-6,41518,734,10/22/2019,WP0CB2A87FK384587,1003-48
899234400-7,49476,1793,12/20/2019,1G6KE54Y14U147825,1001-90
644639068-8,5621,1596,02-07-2019,3VW4S7AT6EM840072,1001-82
193556981-3,9834,746,09-02-2019,1FADP5CU0EL117520,1002-61
112841591-7,9262,660,2/22/2019,3C3CFFER6CT562518,1001-67
433110000-6,3003,754,7/22/2019,WUAGL78E96A926224,1003-53
626957013-1,30587,1927,01-12-2020,KM8JT3ACXAU169096,1003-48
309399457-8,7670,1096,02-02-2019,4A31K2DF2AE792307,1002-96
089326345-1,5059,1770,02-01-2019,3MZBM1U76EM093733,1002-18
296326372-4,38974,1342,2/22/2019,WAUDF58E35A388756,1002-89
509856769-6,2597,1621,1/27/2019,WBAEJ13443A217621,1002-42
858034921-4,20999,789,1/13/2019,WBAVB73508V214997,1004-82
881347047-9,4567,668,7/19/2019,JN1CV6AP5AM174088,1001-51
975046975-5,30489,1339,5/17/2019,WAUFMBFC2EN216435,1004-32
354259856-9,34969,1997,01-10-2020,WAUCKAFR9AA652479,1003-54
531249897-1,6011,1023,2/24/2019,3LNHL2GC5AR801333,1002-45
157997002-8,9062,1683,2/20/2019,WBA3A9G54DN604740,1002-64
593970378-X,1025,1025,1/24/2019,1C3CDFBBXED204182,1004-32
618120511-X,49534,1606,9/30/2019,1G6AL5SX5D0892502,1001-56
891418095-6,30341,763,10/14/2019,2G61U5S37D9304003,1004-88
210906912-0,6547,572,05-09-2019,WBA3A9C55DF905792,1004-52
866793198-5,24487,507,8/13/2019,JTHBW1GG4F2489823,1001-30
792869070-5,39614,680,12/28/2019,WBA5M0C56ED644505,1003-74
745911766-8,36352,1393,01-05-2019,WBAVA33548F944370,1002-67
354271877-7,13579,1584,12/19/2019,1C4RDJAG8CC544634,1001-36
549690046-8,30193,1121,5/31/2019,JN1CV6AP1CM075786,1002-99
781281295-2,27634,655,04-03-2019,WBASP4C56BC147652,1004-14
799344601-5,25097,763,07-05-2019,5TDDK3DC8CS583646,1003-86
832638445-3,11644,962,4/13/2019,KM8NU4CC2AU970557,1003-19
959778569-2,18542,1852,1/16/2020,TRUXD38J791805928,1004-61
189590628-8,14420,1525,8/15/2019,KL4CJFSBXDB164811,1003-27
206272297-4,3607,1795,01-09-2019,1G4HR57Y47U644939,1002-17
676035503-2,28301,1081,8/15/2019,WBAUN1C5XCV679621,1004-63
447458930-0,38568,1139,04-04-2019,WBANA73525B711016,1001-50
397666100-7,24399,1465,3/24/2019,1C3CDFCB9ED592276,1002-21
556386829-X,38545,992,3/18/2019,SALGR2VF1EA530534,1003-56
364349606-0,47127,1471,10/20/2019,JHMGE8G21AS288279,1003-14
458075618-5,29162,1327,08-06-2019,WAUFFBFL9BN918385,1001-25
630848098-3,6530,1758,08-02-2019,JTHFE2C28E2596246,1001-18
994220837-2,11063,1731,5/29/2019,JHMZF1C66CS535899,1002-12
168485333-8,17203,990,5/22/2019,3N1CE2CPXFL066377,1004-19
287169044-8,45689,1660,1/16/2020,WBA3A9G51CN816378,1001-25
599866225-3,12543,829,1/24/2019,WVWAB7AJ1CW891061,1003-83
739788451-2,33507,1700,10/21/2019,SCFAB05D59G696435,1001-84
270358871-2,13668,1008,01-03-2019,W04G05GVXB1392439,1004-68
573947061-7,29784,562,9/15/2019,WBAFU7C57DD124339,1002-30
409243181-3,4597,621,12-04-2019,WVGAV7AXXCW342384,1003-17
758626523-2,41558,769,12/20/2019,2G61S5S39E9649024,1002-52
352342216-7,10964,1341,11/22/2019,1N6AF0LX3EN766792,1003-73
721157867-X,49143,624,8/29/2019,1GD02ZCG7CF481708,1002-79
187774471-9,40188,1888,05-02-2019,WAUML44E86N342049,1002-81
223468841-8,18344,815,11/17/2019,WAULC58E72A010228,1004-19
897004547-3,22818,1895,07-08-2019,4F2CY0C70AK991690,1003-90
435111617-X,31336,1368,06-06-2019,JM1NC2PF7E0497171,1003-51
184570729-X,8879,1307,10/16/2019,2C3CCADT5CH489790,1001-84
419167919-8,33065,1278,08-03-2019,1GKS1KE0XCR345275,1001-39
771163255-X,44777,1774,08-06-2019,JM1NC2SF2F0811964,1001-15
305560501-2,36694,595,12/20/2019,1FMJK1F53AE864917,1003-74
412793889-7,30283,1522,12-07-2019,WAU3GAFR6DA532659,1001-49
113235113-8,10510,1547,05-06-2019,SCFAB01A48G520504,1002-80
042122452-5,11653,1517,11-04-2019,3G5DA03E13S339618,1001-37
769777467-4,20727,1157,2/19/2019,5J8TB1H56CA188181,1003-99
397837287-8,19746,1287,10-10-2019,WAUSF78E66A242209,1001-84
364072893-9,6392,1823,3/28/2019,5TDBKRFH0FS445879,1003-89
536265991-X,36092,1949,10-02-2019,TRUB3AFK5D1828100,1004-19
176435514-8,19197,950,01-07-2019,WBANV93518C768953,1001-80
026302918-2,15119,657,8/21/2019,3D7JV1EP5BG801111,1004-18
157857856-6,30391,1185,3/29/2019,2FMHK6CT5AB728914,1004-17
091398469-8,19108,556,3/26/2019,4T1BF1FK5CU016855,1003-89
787487810-8,43383,838,3/14/2019,1FTWF3C54AE734028,1003-39
935813867-X,16237,1640,12/24/2019,2G4GS5EV7D9616764,1003-39
011128142-3,48039,663,2/26/2019,YV440MBC5F1698895,1004-14
817584076-5,9703,1588,3/17/2019,WVWED7AJ6DW127171,1001-56
461557699-4,5327,1108,6/21/2019,WBA4B1C5XFG645132,1001-50
683232903-2,18564,750,8/16/2019,2T1BURHE6EC263141,1004-73
212580344-5,44122,887,8/24/2019,WAUKF78E08A535767,1001-16
394666327-3,31119,1479,12/21/2019,SCBLC37F73C075526,1004-81
434529244-1,6680,1687,11/19/2019,5GADX23L45D120612,1003-89
499695403-5,48325,666,05-01-2019,WBAYF8C54DD809486,1002-28
773914053-8,12522,1014,3/24/2019,1G6DL8E33C0929584,1003-61
290783346-4,48297,780,8/16/2019,KL4CJHSB3DB584826,1003-53
590943188-9,32237,954,06-06-2019,NM0KS9BN9DT716428,1003-56
371873928-3,46046,745,10/14/2019,WAU3FAFRXCA700501,1003-95
538743953-0,7134,1659,12/24/2019,1FMCU0C75CK656223,1001-28
502765035-3,2050,1140,1/19/2019,JM3TB2MA6A0927955,1004-22
398657419-0,35866,1463,01-09-2020,5YMGZ0C50AL815852,1004-70
899549759-9,1970,632,4/28/2019,1FMJK1G52EE109472,1001-79
166380592-X,24584,765,01-06-2019,1GKS1AEC8FR162045,1004-35
110341020-2,39102,874,1/13/2020,WAUHF78P76A859579,1002-91
985291364-6,32939,1215,7/14/2019,1GKKRNED0BJ127677,1003-94
369495890-8,6175,715,12-04-2019,JN1CV6EK2AM905039,1001-44
139163065-3,2799,1185,11-03-2019,3D73Y4HL8BG667172,1002-17
144874859-3,47527,1162,12/25/2019,JN1CV6FE7BM263234,1004-16
038219184-6,4914,777,6/19/2019,SCFEFBAC4AG975426,1003-19
700533440-X,21387,600,04-12-2019,WAUVFAFH7BN826872,1002-99
899045746-7,33343,1326,06-01-2019,1C3CCBCG0DN578962,1004-23
507382425-3,29842,1346,11-11-2019,5TDDCRFH6FS074572,1004-28
635016038-X,18892,962,11/30/2019,WAUDFAFL2AN742778,1001-16
096101501-2,5906,1324,03-10-2019,KNDJT2A27D7859753,1004-20
747653096-9,17970,1272,8/14/2019,3FAHP0HA3AR458408,1004-73
786872973-2,46298,759,03-07-2019,2G4WB55K111044800,1001-92
386944044-9,41944,1738,05-09-2019,WBAEA53529C222247,1001-81
851419187-X,39136,1003,1/29/2019,5N1AL0MM3EC685217,1004-78
601886716-8,7610,532,08-01-2019,2G4GX5GV8B9978761,1004-60
912176570-7,24800,1325,4/29/2019,SCBLE47K69C500563,1003-17
640258050-3,1259,904,11-12-2019,1GYS3NKJ0FR468568,1001-44
150286086-4,8136,704,05-09-2019,1G6AK5S34F0214570,1001-16
102387862-3,7314,565,10-02-2019,WUADNAFG8AN000820,1001-82
559550812-4,2121,752,2/25/2019,WAUAH94F48N324953,1003-18
402977625-6,18155,1224,8/31/2019,WAUVVAFR7CA838721,1003-74
468989377-2,39301,1935,7/18/2019,19VDE3F73DE562568,1003-86
135525079-X,1778,900,9/25/2019,1G4HK5ES5BU911548,1004-35
896288586-7,7890,701,8/29/2019,WBXPC93487W610635,1004-65
705046629-8,43280,1470,08-09-2019,WBAWB33537P264986,1001-87
562164904-4,19658,1524,4/27/2019,5BZAF0AA5FN955589,1001-10
354129632-1,20265,603,1/16/2020,2T1KU4EE0CC308580,1001-97
422281605-1,14144,1480,08-05-2019,5NPEB4AC4DH947891,1003-63
834638970-1,20759,1097,07-08-2019,1N4AL3AP1DC142778,1004-30
392119667-1,37192,1695,03-12-2019,3C4PDCEG9ET706968,1002-24
807878808-8,3041,782,4/13/2019,2C3CCAKT0CH071494,1003-67
425036122-5,18517,1137,9/26/2019,JH4DB76651S273214,1002-13
965123171-8,46783,1426,2/27/2019,WBANB33525B390925,1003-10
