VIN,car_type_id,model_year
1J4AA2D11AL229135,207,1995
WBA3V7C56EJ990309,453,2012
1C6RD6PT8CS135127,118,2007
JN8AZ2KR4ET884472,98,1995
1GD02ZCG2DZ551101,4,2002
JN8AE2KPXD9779814,291,2005
WBA4A7C52FD879613,235,2011
KNADH5A3XA6443543,132,2002
WAUFFBFL0BN696481,80,2012
3D7TP2CT4BG930076,154,1992
SAJWA1CB9BL282832,465,2008
SCBBP9ZA2DC856931,221,1950
WDDGF5EB6AA317237,219,
KMHFH4JG6FA970858,171,2000
WAUFFBFL5BA546406,452,2001
WBAYB6C55ED899121,394,1993
1FTFW1E87AF054047,132,1996
WA1LMAFE4AD560179,101,2006
WAUDT74F55N632970,322,1991
19UYA41743A445893,511,2008
JHMGE8G3XCS722789,287,2007
3MZBM1U76EM463093,462,1996
JTDKDTB33E1156444,455,1998
KNAFU6A23A5895146,316,2012
1G6DX67D280622963,,1988
KL4CJHSB4EB722410,501,2008
5FPYK1F51EB800909,34,2004
19XFA1E80AE237527,49,1985
WVWAB7AJ5DW798688,354,1994
SAJWA2GZ4E8533275,498,2002
WBAWC7C54AE663865,177,2004
3VW467AT8DM992213,86,2008
JH4CU2F84EC796461,79,1995
5GALRAED9AJ832146,342,2008
3D7TT2CT3BG790551,258,
1N4AL2AP2CC638066,217,1993
WBABS53431E843304,483,2005
1G6KD54Y94U204016,328,1993
WBAEV33482K478923,506,2001
JN1CV6EK2BM890995,40,2012
3C4PDDEG5FT150360,158,2002
1GD22ZCG3DZ400339,153,1997
3GYFNAE36ES821733,452,1999
KMHTC6AD5DU923657,419,1994
JH4CL95927C988017,258,2004
3D73Y4CL6BG097857,225,1997
JH4DB85931S806503,32,2008
WBA3N7C54EK439371,82,1979
1G6DJ5EY4B0555887,,1996
1G6AE5SX2D0227194,190,2001
WAUPEAFM4CA449290,363,
3G5DB03E54S327003,39,1998
KL4CJGSB8EB473894,292,1990
5UXWZ7C5XF0381010,224,2011
WAUDK78T08A253745,485,1965
SCBFC7ZA7EC845300,,1993
1C4NJCBA3FD952860,124,2010
1G6KD57908U305293,159,2007
1GYS3HEF8DR367798,238,
JN1CV6FEXEM786199,102,1995
3TMJU4GN1EM756314,298,1991
WP0CB2A89FS540080,59,1993
2C3CDXJG4EH078763,395,1964
3N1CN7AP8EK980535,441,2006
3VWAL7AJ1AM470237,441,
1C3BCBEB8DN124813,477,2009
W04GZ5GV5B1269511,17,2012
WAU3GBFC8DN174149,292,
5GALVBED7AJ286125,147,1995
WA1AY74L18D496838,216,1993
1G6KF57973U130897,163,1999
JH4CL95976C441078,220,2001
JM1NC2MF9D0969731,411,1993
WAUJT68E53A332168,,2001
1N6AA0ED9FN693477,195,1996
JTHFE2C21B2038959,103,2002
WBA4A7C59FD936552,495,2005
19UUA76517A984467,,2013
WUARL48H64K438695,106,1994
SAJWA1CB2CL704098,335,2008
WAUR4AFD7DN958456,174,2003
JA32U2FU3FU401254,,2009
1G6DG8EY8B0735552,,2004
4T1BF3EK2AU428354,80,2009
WBAWC73579E007901,466,2004
WDDLJ7GB4FA209972,315,
1N6AA0CH4DN591491,67,2011
1GYS4TKJ1FR998453,145,2008
WAULC68E13A970538,127,2005
2T3BF4DV0AW107972,428,1987
2C3CDXJG3DH061998,210,
WAULT58E75A684531,418,1996
WAUAFAFL6CA106264,109,2001
5N1AT2MK6FC056031,202,2005
1G6DA1E36E0264907,165,2013
WAUEL74FX6N010354,351,1984
3C63D3DL6CG176095,327,1993
WBADS43423G894027,325,2008
WBA6B4C52FD928393,178,2003
1N4AL3APXDC391161,491,2010
4JGDF2EE3FA404621,153,1997
3D73Y4CL5BG356290,128,1994
WVWAA7AH6AV616630,281,2003
3N1CN7AP7EK002916,494,1998
WAUFGBFB2AN427658,369,2006
4T3BA3BB6CU034756,362,1996
2LMHJ5AT3FB191328,177,
1FMJU1G58AE200461,100,2004
SCBFR7ZA6DC250046,213,2004
2G4GR5GX9E9417131,444,
4A31K5DF1CE551214,68,2008
SCBFR7ZA1DC181668,72,1993
3D73M4HLXBG134560,469,1993
1GYS3JEF7BR516755,329,2009
5GADV33L76D764456,205,
1G6AF5SX6E0496362,376,1994
1G6DW67V880429339,,2003
WAUSF78E16A051524,144,1994
WVWAN7AN3EE416059,492,1993
WAUSH94FX7N002868,416,1990
1N6AD0CU7AC224449,362,2001
5BZBF0AA1FN375955,252,2000
WAUDG74F25N142426,42,2002
1G4HF5EM9AU357211,246,1992
5TDDCRFH7FS778814,484,2008
5UXZV8C58BL503466,300,1987
TRURD38J691592687,274,2000
WAUZL54B31N464957,227,2007
WBSDX9C53CE392092,302,2010
JN1AZ4EH4CM885237,73,2012
1FTSX2A5XAE774414,175,2002
WVGAV7AX8CW309108,368,2003
3GYFNDE35DS577668,319,1989
WAUAH94F86N097876,450,1999
SCBLC43F85C441752,187,1989
SALGS2DF9DA567738,148,2008
WBAUN1C54AV998218,134,2009
WAUUL98E18A931025,130,2008
3C63DRKL7CG634605,502,1992
TRUWC28N611406959,101,1973
WAUAFAFH1AN570175,332,2011
WAUVC68E93A247738,,2010
1FAHP3DN8AW666727,242,1992
JHMZE2H74ES834420,58,2006
5UXWX9C53D0655923,445,1994
WBADW3C59CE198915,444,2001
SCFAB02A86G710981,264,2008
2C3CA2CV1AH904650,151,2006
WBA3R1C59FF295604,353,1986
1GD312CG5CF300189,222,1996
1G6ET12941B904408,388,2009
2G4WY55J211124967,273,2000
5FRYD3H97GB421252,504,1993
JTDBT4K39B4327099,37,2012
WBASP4C50CC674247,196,1995
1FTSF3A55AE186493,272,2001
JN8AZ1MU4DW077734,146,1994
1G6DG8E34E0469486,53,2008
1C3CDZCB3EN824611,245,2011
1G6AX5SX6F0692705,,1994
WBAPH57599N744179,370,2011
5NPDH4AE6CH595763,249,
3D7LT2ET1AG119097,101,1973
WAUMF68PX6A680252,3,2008
1GYS3GEF1CR975378,28,2001
3D7JB1EK4AG117274,,2009
1FMJK1HT9FE166704,371,2005
1G4GD5GGXAF003775,287,1995
WBAEV53452K826365,353,1997
3C6LD5BT9CG879897,65,2011
SCBLC31E32C453811,407,2010
3GYFK66N03G455807,102,1992
WBXPA934X6W048709,224,1995
JHMGE8G27AC239971,230,2009
3MZBM1L71EM509902,307,2010
1G6AE5SX1F0638542,74,2010
3FAHP0HA2AR252934,242,2009
5GADV23L75D354362,49,1996
1G6DW6ED6B0346719,362,1988
19UUA66216A681395,348,
1G6KE57Y94U867448,276,2004
1GT02ZCG3EF814008,87,2011
5NPEB4AC4CH583096,383,2005
WBAFU9C53BC781525,297,
1G4HK5ESXBU867238,97,1996
5N1AN0NU6FN276224,347,1992
JH4NA12653T822904,462,2001
WVGAV7AX4CW469759,338,2009
2C3CDYAG5CH196033,268,2011
WAUMGAFL1AA936528,408,1997
YV4952CF1D1856554,307,2010
JH4DB76631S397112,358,1990
WA1LMBFE1FD803749,32,2012
3N1AB7AP0FL359091,180,2011
WBA6B4C53DD946110,127,1998
WAULC68E74A674831,339,
2C3CCAGG9EH599596,68,2006
3VW507AT4EM372398,451,2008
1FTMF1CW1AF670075,384,2001
5UXKR2C5XE0167019,333,2006
WAUAF78E67A899685,111,2005
JH4KB16567C445023,408,1991
1G6EL12Y81B586350,492,2011
2G4WN58CX91788497,89,1993
19UUA66284A767798,,
1FTSW3A58AE962972,13,1992
1G6AA5RA2D0010001,,1999
2G61U5S37D9492604,443,1992
5UMBT93548L075480,463,2009
5J6TF1H32AL127018,357,1985
JN1CV6EK3FM406239,11,2009
WBSDX9C57DE443224,254,
WBADX7C52DP652416,59,1997
WBA6A0C56DD592269,511,2009
2B3CK3CV2AH789878,367,1999
1GYS3TKJ2FR681414,391,1995
1G6YX36DX65880858,243,
1C4NJCBA8DD355782,396,1994
KNAFU6A28C5342639,442,2011
WBAKX6C52CC500899,170,1988
WBAFR1C54BC513649,162,2002
JN1AV7AR0FM113625,43,2005
5FNRL5H27BB773649,70,2007
5J6TF1H37AL271115,21,1986
WBALX3C51CD247197,323,1993
3GYEK62N16G823966,402,1984
WBAUN7C51BV612648,140,1996
WA1BY94L98D718977,82,1974
WAULC58E25A064279,191,1988
JTHBL5EF4F1323656,365,2005
1LNHL9DK9EG280554,384,2009
SCBLF44J39C947814,118,2002
1FTSW2B54AE992415,,1984
1FTMF1CW9AF961648,161,2003
5UXWZ7C58F0409838,384,2009
1C4AJWAGXFL130584,26,2010
WBSDE93492B679532,422,2001
WBAWB7C58AP449887,382,2006
3VW467AT7DM005097,173,2002
WAUKH94F87N089105,134,1996
JTHKD5BH7F2002319,349,1987
1N6AD0CU7EN751434,,1972
5N1AN0NW2EN176444,236,2009
SCFFDAAE3AG817763,281,2004
WA1WMAFP4EA688086,434,2005
5GAKRCED7CJ598597,353,
5J8TB4H5XGL466334,491,2000
1N6AA0CA3BN044440,44,2007
JTDZN3EU7E3398450,386,2009
1HGCP2F36BA245096,88,
JN1AJ0HP4AM968005,317,1993
3GYFNCEY0BS995445,348,1994
WA1CGBFE2CD611856,16,1988
WAUA2AFD3EN873263,212,2001
4A4AP3AU1FE887454,9,2010
KMHTC6AD4FU345523,5,2012
WBA3N3C5XFK100365,246,2003
1FTEW1CW9AK838041,371,2005
WAUDH98E06A098137,112,1999
WAUSF98E66A125175,291,2003
1G6KD57Y95U055541,437,2009
1C4SDJCT6CC178569,381,
5FPYK1F2XCB154188,5,
1FMEU3DE9AU506429,432,2006
3VW117AUXFM715804,66,2006
JM1DE1HY2B0012155,38,1994
WAUKF78E88A310495,,1996
JN8AE2KP6D9155766,343,2011
5TDBKRFH2FS868415,449,2011
5BZBF0AA3EN909391,25,1993
1G6DP577360072495,333,1990
1G6DJ8EDXB0524321,269,2013
1FMCU0F78DU675964,71,1995
5N1AA0NC9BN159797,317,
JN8AZ2ND0F9838250,94,
1D7CW2GK4AS275753,466,2002
3D4PH9FG9BT933033,246,1997
3VW1K7AJ0FM437840,306,2005
5TDDK3DCXFS157610,166,2011
SCFAB05D99G151421,467,2011
1FA6P0G73F5892867,477,2000
1G6DX67D690147433,53,2005
ML32A3HJXFH394902,120,2002
2G4GT5GX5E9387689,408,2000
WA1WKBFP2AA653780,131,1995
WA1YL54B44N011069,135,1999
1C3CDWDA2CD724524,33,2012
WBAWV5C55AP625449,404,1988
1G6DC5EG7A0072765,422,2010
1G6KF57951U659844,304,1989
WA1YD54B43N088021,213,
WAULD64B54N481868,19,2005
3VWJX7AJ0AM230407,100,2013
WAURV78T68A136801,186,
1FTWW3B51AE423478,276,
JN1BY1APXEM940330,372,1995
JN1AZ4EH0DM498024,139,2000
WAUDH98E68A808094,499,1984
WAUDF48H17A220525,399,2000
SCFAB223X2K967063,334,2006
WBAGH03411D343445,320,1996
JN8AS5MT7BW252784,184,1987
1FMJK1J51AE224230,152,1989
2HNYB1H48CH314631,219,2005
3N1CN7AP5EL431434,220,2011
1FTEW1E81AF801332,186,1986
5XYZG3AB8BG565369,381,2003
WBAYA8C57DC355531,490,1993
WBAAV33401F346891,278,2002
YV4902BZ9E1946823,458,1996
1N6AA0CH2FN241442,454,
1GYEC63N56R476606,181,
JN1CV6AP5BM366578,75,
KNDJT2A52C7022787,361,1995
WBABS334X3J757700,486,2000
WBAEB53588C154189,85,1994
4T3BA3BBXEU169032,79,2004
WAUYGBFC4DN157449,46,2013
WBAVT73588F388310,275,2003
1D7CW2BK5AS317600,177,1998
KMHCM3AC6BU924462,510,2008
1G6AB5RX8E0604966,90,
3N1BC1APXAL249365,348,2004
WUAGL78E36A152214,476,2008
3C3CFFCR0FT126917,119,1995
1GD312CG2EF714629,436,2008
19UUA9F7XEA337432,81,1992
5FRYD3H61EB347443,409,1971
3VW517AT8EM715923,346,1984
1N6AA0EC2EN451863,496,1984
1N4AA5AP5DC094803,470,2005
1C3CDFBB5ED538622,,1986
SCFHDDAJ3CA976215,509,1997
WBA5B3C57ED983183,39,1994
WAUBH54B31N835294,57,2012
WDDJK7DAXFF793071,49,1990
1FTEW1CFXFK022463,6,2006
SCFAB01E69G474694,159,2005
1GD01ZCG0EF522198,347,1995
3C3CFFJH4FT653188,5,2000
JH4DC54825S219686,82,1977
1N4AL3AP8DC066962,192,2010
SCFEBBAC8AG427053,60,1991
1N4AA5AP7DC820967,40,2012
2T1KE4EE8AC100456,350,2004
1FTSW2B57AE355549,,2007
YV4952CF1E1313786,3,2007
1G6DK8ED0B0171603,143,1993
JN1CV6FE4DM093207,10,2011
JN8AF5MR3BT739586,198,
1C6RD7JT1CS818334,462,2003
3GTXKYEJ0AG146811,479,1994
5N1CR2MM2EC322975,133,2007
19VDE1F34FE128714,271,2003
WAUKD98P67A660595,478,1996
SCFAD02E89G948055,374,1989
2FMHK6CT5AB948733,93,2005
WAUKG58E05A962797,491,2006
WBA5M4C58FD270584,432,2008
1G4GE5GD7BF392007,497,2008
WAUVC58E32A437575,200,1997
1G6AZ5S36E0138120,409,1986
WA1WKAFP8CA599611,488,2009
WAUFL54D21N788602,52,1989
3C4PDCDG0ET490302,371,2004
SCFBF04B97G407854,76,
WVGEF9BP7ED214398,424,2012
1G6AK5SX9D0877021,308,1999
5J8TB1H22CA837125,277,1997
WAUVT68EX4A395236,425,2012
1GYS3EEJ2BR426893,410,2006
WP1AA2A22EL385043,136,1996
WVGEF9BPXDD852790,110,2000
JN1CV6EK7FM271122,160,
19UUA9F52DA851532,103,2011
1G6AL5S33E0383989,67,2011
1N4AB7AP7EN424360,311,1999
WA1DVAFE4AD024317,128,1998
5NPEB4AC3BH027179,275,2006
KMHGH4JF7BU468722,126,2012
4T1BF1FK9EU027182,130,1994
WBSBL93433J580502,459,
WBA3T3C57FP216082,27,2009
YV1672MK2D2045166,135,
1FTMF1CW1AK422500,404,
1G6AH5RX7E0485743,468,2009
3N1BC1AP0BL524274,281,
JM1BL1K58B1353498,57,1997
1G4PT5SVXE4193703,211,2007
2T1KE4EE5CC044169,491,1994
1C4PJLAB9FW727494,248,2008
JTDKN3DU1A0791164,431,2006
1GYFK66877R181229,465,1992
1C4RDJDG0EC539152,474,2012
WBANW1C5XAC858509,458,1998
WA1LFBFPXDA916481,330,2012
5J6TF1H54EL284444,417,2003
JTDKN3DU8B0974675,194,1993
JH4KC1F3XEC165114,208,2000
1G6D25EY4B0564862,287,
1GYS4HEF7BR663762,421,1987
WBAPL33529A568060,128,1994
4USBU33508L342803,83,1983
WP0AB2A92FS547159,,2005
JTHBL1EF1D5285656,134,1994
WBAYP9C57ED048604,385,2001
1FTEW1CM6EF497100,373,1984
WAU4GBFB3BN028928,247,1998
WAUET48H76K376140,433,2009
1VWAS7A38FC500749,129,2003
5LMJJ2H56EE936138,,2006
2HNYD28498H552916,268,2001
JTHBP5C21E5915852,397,1992
WAUDL74F06N629296,465,1995
3C3CFFER9ET697009,440,1993
WAUHF78PX9A895724,484,2009
1G6DN57U660534012,109,1993
JA4AP3AUXCZ041474,198,1992
KMHTC6AD1FU379631,283,2008
1G6AM5S36F0215293,183,2005
WAUMK98K49N146341,174,2003
YV126MFBXF1267294,445,1992
WAULT68E85A453353,29,2003
WBAVM5C52DV504666,154,1989
WUARL48H18K621654,507,
1GYFK26259R752885,,2010
WAUHF98P78A517628,137,2010
1G4GA5GR2DF367266,401,1998
WA1LKBFPXAA990362,197,1995
WAUKG78E36A112465,263,2007
WAUVC68EX5A756580,23,1994
WBAKG7C54CE283933,63,2005
5J6TF3H50FL639378,475,2008
5FNYF3H28DB697059,422,2007
1FADP3E2XEL857818,321,2003
JN8AE2KP8C9391902,169,2001
5NPEB4AC4CH973440,78,1995
1FTEX1C81AF317614,189,2011
1YVHZ8BA9A5570512,15,1990
WBA3A5C58FF620211,173,2008
4JGBF2FE2CA505621,301,1986
JTHBE5C2XD5425785,30,
3G5DB03E85S078097,228,2004
JTEBU5JR3F5974828,396,2000
4A31K3DT4CE941671,333,2002
WAUBGAFC2CN238237,158,1999
WBA5A5C54FD223910,56,1989
3N1BC1AP0AL689630,,1997
WBSDE93443C617306,286,2008
1N4AB7AP4EN540468,340,1984
WBA3N9C50EF210660,81,1996
1G6DS1E30C0446628,251,1994
JH4CU4F68DC908851,114,1998
1N6AD0CU7BC172936,256,1992
5J6TF2H59EL777042,62,1986
4T1BD1FK2FU531290,427,2007
5NPEB4AC8DH770990,174,2001
WAUVC58E83A053552,136,2006
5UXWX7C51EL579848,294,1984
2G4WS55J431980811,478,1993
WDDEJ7KB8BA254696,37,2010
WBABS33403P835690,186,2003
3GYFK628X8G311608,365,2005
5UXFG8C56CL412520,448,2005
WAUPFAFM8CA020747,434,2005
WVWAB7AJ3CW637660,157,1967
JN1BY1PR4FM076482,439,2005
WAUJC68E53A601849,315,2009
19UUA8F23EA633374,241,2009
3VWF17AT6FM494800,,2006
YV4902NB9F1712777,337,1998
WBAWB3C52AP384835,6,1996
WAUVT68E93A820041,109,1995
1FMCU4K30BK386774,165,2011
JTHFN2EY8A9076650,405,1987
4T1BK3DB8CU098901,68,2011
WBAGL634X3D747736,320,1995
WBABD53446P128523,204,2006
5GAKVAED9BJ720231,491,1991
1N4AB7AP0DN009668,238,2007
WAUVC58E72A415210,24,2007
1FTEW1CM1BF338898,31,2009
WDDPK4HA4CF335539,13,1989
19UUA86209A538051,491,2000
19UUA65556A417849,25,1993
1HGCP2E41AA051407,108,1994
WAUVC68E03A733676,163,1998
1G6DP8EV8A0201746,,2012
KMHGH4JF9BU935784,375,
2G4GT5GR7C9361478,95,1998
WAUSFAFL6BA611496,377,2009
2T1BU4EE9CC277135,50,1995
JTHKD5BH0E2262673,223,1992
1N6AF0KX6FN083486,312,
WA1VMAFE6CD074288,74,2008
1C3CCBBB5CN182255,490,1991
WVGAV3AX6DW600006,250,1994
1ZVBP8JZ8E5263960,262,2005
JTDBT4K31A1791410,359,2000
1G6DU6EV7A0118418,117,2001
JTHDU1EF6C5956713,173,1992
5N1AA0NE2EN699143,77,2009
KNAFK4A67E5811798,310,1997
WBALL5C57EE985168,,2001
WBABN53472J626824,36,2004
19UUA66218A216781,184,2010
3TMJU4GN6FM615045,404,2002
JM1NC2LF1E0227620,201,2009
WBAEH13507C478792,469,1998
1VWAH7A32EC203151,14,1994
YV1672MS6B2311558,432,2001
1D7RV1CT0BS929543,226,2005
ZHWGU5BZ1CL402888,493,1998
WBABN33493P728063,5,2004
WBAVL1C59DV689987,457,2002
WBA5A7C54FG949163,476,2006
2G4GP5EX0F9513353,211,2001
55SWF4JB2FU864671,145,2000
3D73M3CL0AG714173,506,2007
5N1AN0NW0FN882619,225,2003
1N6AA0CC9BN225267,404,1985
WVWED7AJ9DW736545,70,2006
2C3CCAAG2EH464789,96,1992
KNADH5A31B6774819,247,2000
YV4902DZXE2564551,364,1990
1FTEW1CF3FF289615,340,1993
KMHDB8AE6BU542652,293,2001
WA1VMBFP4EA408717,367,1984
2C3CCAGG3FH231495,409,1990
JTHBL5EF7D5143836,79,1999
WUARU98E37N010148,310,2001
5GAKRBKD6DJ226717,,1991
JA4AS2AW8BU067304,409,1995
JN1BY0AR9AM589769,8,2006
1G6AS5S33F0025926,113,1997
WAUKFAFL0DA783509,359,1996
1G4GE5G36EF332943,234,2000
KL4CJGSB5EB384042,,1993
1G4HE57Y96U138937,273,2006
WAUJC58E43A904566,404,1987
5FRYD4H97GB455021,482,2000
1G6AL5S3XE0315589,101,1999
JHMZE2H3XBS865566,339,2002
JM1CW2BL4D0981051,413,2007
1GYEC63T64R759401,300,2002
WVWAN7AN7EE456693,93,2011
JN8AZ2KRXBT161656,329,1993
2G4GW5EV4B9385050,266,2008
4A4JM2AS5BE140547,145,2004
SCBGT3ZA6EC315543,477,2004
3VW1K7AJ6EM042320,178,1997
2B3CJ4DG2BH139488,356,1995
WAUWFAFH9DN726991,131,1993
4A31K3DTXBE482872,96,1992
1FTEX1CM7BF469444,39,2006
1FTSW2A57AE800132,119,2004
3D73Y4CL7AG906751,261,2007
WBA3X9C56ED609191,228,2005
WAUKG78E16A048832,61,
WAUYP64B21N736016,392,1998
SCBFR7ZA6DC973685,137,1994
3D7TP2HT7AG194838,442,2002
5J8TB3H38EL392501,471,1995
JTMHY7AJ1E4752821,303,
WAUML54B44N256326,,1994
KMHHT6KDXAU942821,203,2000
1G6KD57Y17U547435,393,1993
JM3TB2MA4A0447235,233,1997
1HGCR2E39DA289995,260,2009
WAUFGBFB3BN653984,101,
1C4RDHDG4EC308277,403,1991
WAUDV94FX8N608304,323,1998
1G4GB5GR2EF423219,87,2010
1FTMF1CW6AF850345,475,
3N1AB6AP5CL994944,51,1987
1FTWW3B53AE142377,,1996
1FAHP2D86FG843362,299,2004
YV1672MK9B2956012,186,1967
WAURD68D91A411475,235,
3D73M4HL3BG684795,367,1996
5UXFG2C59E0267183,181,2000
1G6KD57Y79U539522,336,2010
WBAWC7C56AP168152,448,2004
WBA3F9C53EF424944,325,2007
JH4CW2H61EC339516,176,2000
1N6AA0CH5DN380400,220,2011
WDDNG9FB7CA744889,360,1990
WBA3V5C51EP174173,84,1994
1GYS4DEF5ER398756,276,2003
1G6DS1E33C0844836,126,2009
5N1AA0ND8FN698944,176,2012
1G6AB5SA3E0135503,426,2011
WUADUAFG0AN073246,468,2003
5GAKRBED9CJ777198,274,1999
3VW4A7AT3CM741502,106,1995
WAULC68E25A841842,199,1992
WAUUL68E15A677780,196,1995
JA32X2HU5BU889895,108,2004
5FRYD3H21EB057720,415,1995
SCFEBBAK9BG772696,202,
1C3CDFAA0ED816948,139,1999
SALFR2BN3AH182812,286,2011
SALGR2VF7FA290777,505,2013
3VW4S7AT7EM390741,361,1994
1FTNF2B52AE906077,234,
1G6KD5E6XBU749698,54,1992
5FRYD4H81FB113165,348,1991
1G6YV36A385254017,118,2010
WDBWK5EA1AF004607,486,1985
3C63DRKLXCG103186,187,1997
WDCYC3HF3AX169677,95,1998
SCBCR63W56C311178,344,2011
WAUUL58E45A237952,,1992
5FRYD4H47GB976809,186,1964
WVWAP7AN2EE517829,,2005
KM8JT3AB0CU785268,42,2002
SCBDC47LX9C892658,483,2008
5FRYD4H47FB536569,164,1997
WP0AA2A82BU371383,48,2012
WBSBR93482E420010,452,2003
WAUEH48HX7K272115,361,1995
1FTSX2B58AE601327,,2008
JTDKTUD3XED302505,,1997
WVGAV7AXXCW450066,329,1998
WAUAC48H46K746569,494,2005
WBSPM9C51AE297047,204,2002
WAUUL78E98A736469,354,1985
5J8TB185X8A776608,362,1994
4T1BF1FK6EU200625,2,1992
WAUGGAFR2DA018390,409,1987
3D73Y4HL3AG758381,339,2002
1G6DF8E55E0525844,198,1992
4F2CY0C76BK499988,,2009
1N6AA0CC1EN052378,330,1999
WAUMF78P76A864487,115,2000
1G6DP5E37D0379956,400,1981
JM1NC2JF3C0785873,5,1997
4A4AP3AU0FE779729,241,2008
WBA3X9C50FD437242,435,1996
WA1WYAFE2AD059146,371,
WAUBF78E06A776502,125,2003
JH4CU2E6XBC713692,403,1988
1G6AM5SX1E0450640,128,2001
SCFPDCGPXEG487750,446,2000
KMHDB8AE2AU739090,101,2005
JH4CU2E87DC572794,486,
1FMCU4K35CK788095,378,2012
WBA3B9C59EF232312,475,2002
1C4AJWAG1FL419207,20,2005
4USCN53472L871144,158,2000
WBA3B9C5XFP971295,140,1995
5XYKT3A64FG526994,477,
1GYS3JEF7DR804844,287,
1G6DD67V890352575,262,
WP0AA2A8XFK646600,,1998
SCFEBBCF7CG238839,482,2002
1FTEW1CW1AK523766,33,2011
WAUDV94F77N538405,82,1994
1FTDS3ELXAD002703,472,1993
W04GT5GCXB1141328,345,2012
WBAAV33441E643457,292,1995
1FTWX3A58AE195249,412,2006
1ZVBP8JS0A5804786,285,2002
KNADH4A35A6800363,147,1991
WP0AB2A93AS729977,406,2009
JN1CV6AP3CM337968,162,1998
1GYS4BEF4ER230224,13,1990
JTHBK1EG4C2182064,138,1993
WBAPK5C53AA283760,255,2007
WVGEF9BP3FD667127,314,2011
1G6AS5SX6E0235485,203,2003
1G6KF54942U799518,239,2006
WAUKF98P69A860633,280,1996
3LN6L2G98FR591278,401,1995
3GYFNDEY4BS937053,381,2009
3VW517ATXEM212006,137,1999
SCFEFBAC2AG817103,267,2009
1FAHP2D86DG756056,,2004
2HKRM3H35EH548467,109,1996
SCBEC9ZA8FC344845,38,1997
WAUCH74F19N725679,473,2002
5GAKRBED9CJ842079,197,1997
JTEBU5JRXB5615289,281,2011
1N6AA0CCXFN470665,450,1998
WAUDF48H17A808862,,1986
WBAGN83414D120172,411,1989
5XYKT3A61FG553795,45,2011
5N1AR1NB8AC286024,203,2005
WAUGGAFC4CN861350,347,1994
WBAWL7C56AP613215,241,2007
WDDLJ6FB3FA137898,481,
KMHGC4DD8DU259680,436,2003
5TDBW5G16ES779993,156,1992
3TMJU4GN0BM016572,390,1997
WAUGL78E06A313595,307,2012
WAUDG74F56N718544,460,2004
5TFBY5F10CX298138,181,2007
5XYKT3A15CG745169,414,1988
JM1NC2JF3D0294317,18,2010
JTHBP5C24A5078217,480,1997
1FMJK1H58EE287000,123,1997
WAUSVAFA2AN500615,464,
5J8TB4H50GL099928,193,1997
1D4RD4GGXBC811105,7,1992
1G4PR5SK6C4318455,215,1995
JH4KB16597C573272,423,2009
KMHD35LH4FU315680,355,
2G61S5S34E9124436,459,
5UXFE83558L009514,394,1995
JH4CU2F67AC996193,,2010
1FTEW1CM9DF707235,366,1994
JH4CU26699C285025,69,2003
2B3CA7CW4AH779243,389,
WBABS33423P522009,291,1993
WAUKH78E56A336477,150,2009
WBABW53454P622817,243,2008
1HGCR6F51FA937811,,1994
5TFCW5F13CX122100,465,1999
SALAB2V68EA912960,268,2011
TRUUT28N161596622,298,
3FA6P0SU3FR011885,281,
WBAGG83441D030357,429,1987
1C3BC8EG4BN137991,215,1999
WUADU98E08N551783,87,2010
3C63D3HL3CG494878,348,1997
WAUBH78E67A725114,235,2009
1FTSX2B55AE103389,410,1974
JN8AE2KP0C9934286,352,2005
1G4HP54K734826330,296,
1G4HP52K35U523552,178,
1D7CW2BKXAS667370,12,2012
1C3CDFAA2ED028706,,1993
1G6DJ8E30C0114975,480,
1N6AA0CA1BN875273,177,1984
3GYT4NEF0BG838310,29,2005
KMHHU6KJ5FU495423,,1985
2C3CDXFG4EH316782,102,1999
1G4HP54K95U433643,295,1993
2LMDJ8JK8FB412686,438,2006
1D7CW2BK3AS027260,211,2009
1D7RV1CT4BS610579,365,2006
WA1LKAFP4AA976807,31,2012
3VW467AT0CM697430,172,2011
YV4902BZ8D1759636,411,1968
JTDKN3DU6A0753445,198,1995
1ZVBP8JS3B5192097,,
1D7RV1CT9BS535068,,2006
WBANA73595C290437,418,2000
2FMGK5C85FB630278,91,2007
WAUFFAFM5AA416790,259,1995
JM1NC2SF4F0705581,,1992
3D73Y3CL4AG966139,135,2000
SCBBP9ZAXCC781975,168,1986
WBAUL7C50BV494775,122,
5NPEB4AC9EH072261,472,1994
WAULT58E14A337176,108,1993
WAULT58E03A126226,186,2007
WBA3B3C50EJ344295,26,2009
SAJWA4DB4DL137801,257,2000
WBA3A5G59EN019839,476,2009
3MZBM1K79FM749041,510,2008
WA1WGAFP4DA255874,136,1997
1G6DA67V180095864,228,2010
3N6CM0KN1DK907720,429,1988
1D7RB1GT7BS722635,259,1995
3N1CN7AP8EL050824,1,2001
4T1BF3EK5AU854068,253,2005
3VW507AT1EM282058,242,2001
1FTSW3B58AE733495,104,2012
2C3CCAJT1CH517444,324,
KMHHT6KD1AU125513,25,2004
1G4PR5SK3C4279629,420,1988
2FMDK4KC9AB452547,273,2012
SCBFC7ZA4DC745833,398,1999
1C4NJPBA3DD726547,408,2004
WAUKF78E18A603400,,
JTDKDTB30D1299902,242,1993
WBAPN7C5XBF382177,89,
WAULF78K99A759096,145,1995
YV1902MM0F1059112,477,2002
1G6DH8EG4A0311983,321,1994
1C3CDZAB3DN995148,8,2006
WAUXF98K29A421701,131,2000
2HNYD2H46DH379382,209,2001
WAU3MAFDXFN399655,309,1987
WA1CGAFE1ED972220,229,2008
WBA3B3G5XFN555718,367,1985
JN1BJ0HR4DM005325,284,2012
WAUHF78P88A726879,384,1993
1GYS3UKJ4FR254533,215,1995
1C4RDJEG5FC119256,,2002
WBADX7C59CE956546,292,
1G4HP52K73U617902,112,1998
SALAF2D40AA335257,462,2001
JH4DB76531S721683,129,2000
WAUKF98EX6A695065,72,2004
3C63DPML8CG286637,218,1996
1FTEW1C89AK014087,313,1987
JN1AJ0HP6AM765603,294,1992
JN8AZ2KR6AT448099,214,1997
1FT7W2A68EE169864,270,2007
WAUVC58E44A064016,398,1996
1FTNF2A51AE482571,243,2009
3GYFNGEY1BS380913,511,2004
5J6TF1H51FL572665,504,
2G4WF551431832937,179,2008
WAUHF98P37A038492,107,2007
3N1AB7AP2FY058700,500,2006
WBANN73597C819182,177,2004
5N1AR2MM5EC995735,318,1997
KNAFX6A80E5526360,89,2001
5FPYK1F23DB125746,291,1995
3N1CN7AP5FL442970,297,2008
WA1WMAFE2DD602995,474,2012
WAUAT48H44K798099,41,1998
WVGEF9BP5FD902241,61,1990
WBAFR9C57DC835963,442,2010
19UUA9F25EA858966,105,2008
2C3CDXJG5CH057823,321,
1GKKRNED1CJ932234,315,2008
1C3CDWEA5CD938440,,2001
1FBNE3BL4DD828360,348,2000
5GAKVCKD0EJ243516,104,
JHMZE2H57ES211288,444,1995
JTHBL5EF5F5922056,340,1990
3VW517ATXFM114871,297,2006
KMHHU6KJ2FU046880,87,2007
ZHWGU5BZ8CL195576,2,1999
2T1KE4EE3BC832110,333,1988
5XYKT3A18BG072537,35,2002
1FTMF1EW4AF897936,447,1994
1J4PN2GK8BW396997,504,1992
WBA3V5C56EJ359225,487,1992
3C4PDDAG5FT028717,99,1998
5N1AA0ND1FN765996,430,2011
WBALX3C58CC103183,82,
WDDEJ9EB0EA624602,47,2002
WDDLJ7DB0DA037294,340,
JN8AE2KP8E9959245,383,2009
1G4GC5GC6BF701320,257,
WAUHF98P16A793915,347,1993
5UMDU93456L913333,72,2001
WBADN634X2G299508,380,2007
WBALX3C51CD965039,160,2012
1G6DH5E50C0772128,141,2001
WAUWGBFC0EN888887,182,2003
JTDKDTB39F1576548,89,1968
1GYFK66878R259641,220,2003
WA1VGBFPXEA527489,335,2008
1N4AA5AP8BC781061,494,2003
WAUVVAFR4CA899766,503,1992
JN1CV6AP0AM419377,288,2002
1N6AD0CU7BC964231,97,2004
WBAKE3C56BE843027,454,1992
1FTSW3A58AE186682,244,1993
WBABN33463J510374,231,1985
19UUA65635A855308,93,2004
1HGCP2F33BA546456,313,
3N1CN7AP0DL004161,427,2006
WP0AA2A94BS327440,429,
5J6TF2H59DL898393,341,2012
WAUGN94FX7N223904,202,2006
WAUGL68E45A366616,290,2008
2C4RDGEG9FR653189,454,1986
WAUHE78P79A199714,113,1997
1C4SDJCTXFC949474,184,2006
WBSBR93416P082945,240,2007
1C3CDFBB9ED828586,336,2011
1G4GE5GV1AF947296,317,1992
WAULD64B44N339320,185,1989
WAUGL98E97A676667,369,2009
2C3CK6CT0AH589407,40,
YV1960AS6A1270040,240,2011
WBAHL83526D667926,89,
3C63DPAL2CG893542,410,1969
WDDGF4HB7CF858986,247,1997
1FTWW3DY8AE219266,38,
3C63D3KL0CG751097,282,1994
WP0CB2A87FK384587,489,1994
1G6KE54Y14U147825,459,2006
3VW4S7AT6EM840072,196,1992
1FADP5CU0EL117520,482,1997
3C3CFFER6CT562518,314,2011
WUAGL78E96A926224,158,2006
KM8JT3ACXAU169096,263,2007
4A31K2DF2AE792307,403,1987
3MZBM1U76EM093733,92,2005
WAUDF58E35A388756,,2003
WBAEJ13443A217621,299,2006
WBAVB73508V214997,288,2007
JN1CV6AP5AM174088,82,1974
WAUFMBFC2EN216435,119,
WAUCKAFR9AA652479,263,2011
3LNHL2GC5AR801333,65,2004
WBA3A9G54DN604740,94,2002
1C3CDFBBXED204182,305,2003
1G6AL5SX5D0892502,,1955
2G61U5S37D9304003,31,2007
WBA3A9C55DF905792,483,2003
JTHBW1GG4F2489823,331,2002
WBA5M0C56ED644505,184,2011
WBAVA33548F944370,383,2007
1C4RDJAG8CC544634,149,2006
JN1CV6AP1CM075786,508,1999
WBASP4C56BC147652,375,1985
5TDDK3DC8CS583646,116,
KM8NU4CC2AU970557,382,1997
TRUXD38J791805928,367,1987
KL4CJFSBXDB164811,272,
1G4HR57Y47U644939,282,1993
WBAUN1C5XCV679621,199,
WBANA73525B711016,299,2008
1C3CDFCB9ED592276,237,2009
SALGR2VF1EA530534,141,2001
JHMGE8G21AS288279,,1998
WAUFFBFL9BN918385,484,2008
JTHFE2C28E2596246,356,1995
JHMZF1C66CS535899,232,2003
3N1CE2CPXFL066377,331,2008
WBA3A9G51CN816378,461,2001
WVWAB7AJ1CW891061,410,1965
SCFAB05D59G696435,387,2007
W04G05GVXB1392439,64,2000
WBAFU7C57DD124339,15,1992
WVGAV7AXXCW342384,491,1991
2G61S5S39E9649024,203,2009
1N6AF0LX3EN766792,,2010
1GD02ZCG7CF481708,281,2003
WAUML44E86N342049,279,2010
WAULC58E72A010228,139,2003
4F2CY0C70AK991690,326,2010
JM1NC2PF7E0497171,,2008
2C3CCADT5CH489790,121,2001
1GKS1KE0XCR345275,382,1997
JM1NC2SF2F0811964,22,2010
1FMJK1F53AE864917,51,1988
WAU3GAFR6DA532659,2,
SCFAB01A48G520504,,2009
3G5DA03E13S339618,82,1998
5J8TB1H56CA188181,360,2010
WAUSF78E66A242209,186,1986
5TDBKRFH0FS445879,,
TRUB3AFK5D1828100,388,2011
WBANV93518C768953,206,1999
3D7JV1EP5BG801111,155,1987
2FMHK6CT5AB728914,6,2010
4T1BF1FK5CU016855,259,1994
1FTWF3C54AE734028,423,
2G4GS5EV7D9616764,227,2009
YV440MBC5F1698895,313,1985
WVWED7AJ6DW127171,87,2010
WBA4B1C5XFG645132,379,1999
2T1BURHE6EC263141,168,1989
WAUKF78E08A535767,188,2010
SCBLC37F73C075526,113,1998
5GADX23L45D120612,,2000
WBAYF8C54DD809486,164,1993
1G6DL8E33C0929584,457,2001
KL4CJHSB3DB584826,,2003
NM0KS9BN9DT716428,188,2011
WAU3FAFRXCA700501,512,
1FMCU0C75CK656223,189,1989
JM3TB2MA6A0927955,476,2007
5YMGZ0C50AL815852,459,2006
1FMJK1G52EE109472,385,1997
1GKS1AEC8FR162045,287,1993
WAUHF78P76A859579,142,1994
1GKKRNED0BJ127677,184,1987
JN1CV6EK2AM905039,186,1994
3D73Y4HL8BG667172,55,2005
JN1CV6FE7BM263234,,1998
SCFEFBAC4AG975426,152,1989
WAUVFAFH7BN826872,79,2002
1C3CCBCG0DN578962,289,
5TDDCRFH6FS074572,237,2005
WAUDFAFL2AN742778,,1990
KNDJT2A27D7859753,471,1986
3FAHP0HA3AR458408,94,2006
2G4WB55K111044800,268,2008
WBAEA53529C222247,481,2006
5N1AL0MM3EC685217,403,1989
2G4GX5GV8B9978761,187,1989
SCBLE47K69C500563,359,1997
1GYS3NKJ0FR468568,285,2007
1G6AK5S34F0214570,167,2004
WUADNAFG8AN000820,131,1997
WAUAH94F48N324953,389,1996
WAUVVAFR7CA838721,,2009
19VDE3F73DE562568,43,2002
1G4HK5ES5BU911548,456,2009
WBXPC93487W610635,292,2001
WBAWB33537P264986,265,
5BZAF0AA5FN955589,493,2011
2T1KU4EE0CC308580,264,
5NPEB4AC4DH947891,456,
1N4AL3AP1DC142778,287,
3C4PDCEG9ET706968,209,2004
2C3CCAKT0CH071494,194,1995
JH4DB76651S273214,288,1998
WBANB33525B390925,444,2007
